pollution_id,city_id,date_time,local_time,aqi,co,no,no2,o3,so2,pm2_5,pm10,nh3
1,1,2024-09-30 20:09:00,2024-10-01 04:09:00,1,293.73,NaN,31.87,3.8,10.85,9.07,14.9,2.09
2,2,2024-09-30 20:09:00,2024-10-01 00:39:00,5,2109.53,NaN,41.13,0.48,15.5,181.53,246.21,7.73
3,3,2024-09-30 20:09:00,2024-10-01 03:09:00,5,7583.62,NaN,86.37,NaN,869.75,275.88,310.44,NaN
4,27,2024-09-30 20:09:00,2024-09-30 21:09:00,2,240.33,0,4.41,72.24,0.94,1.42,2.55,1.43
5,30,2024-09-30 20:09:00,2024-10-01 04:09:00,4,1148.22,NaN,83.63,NaN,22.17,56.02,67.35,1.17
6,33,2024-09-30 20:09:00,2024-09-30 20:09:00,2,233.65,0,7.2,60.8,2.12,0.64,0.77,1.03
7,44,2024-09-30 20:09:00,2024-09-30 15:09:00,2,303.75,NaN,21.08,94.41,8.35,5.68,7.61,1.3
8,56,2024-09-30 20:09:00,2024-10-01 03:09:00,1,480.65,NaN,16.62,0.33,18.36,6.7,8.64,3.96
9,59,2024-09-30 20:09:00,2024-09-30 21:09:00,2,257.02,0,9.68,67.95,0.58,3.01,8.67,2.69
10,65,2024-09-30 20:10:00,2024-10-01 05:10:00,1,313.76,NaN,36.33,3.58,12.4,8.37,13.85,2.09
11,1,2024-09-30 20:20:00,2024-10-01 04:20:00,1,293.73,NaN,31.87,3.8,10.85,9.07,14.9,2.09
12,2,2024-09-30 20:20:00,2024-10-01 00:50:00,5,2109.53,NaN,41.13,0.48,15.5,181.53,246.21,7.73
13,3,2024-09-30 20:20:00,2024-10-01 03:20:00,5,7583.62,NaN,86.37,NaN,869.75,275.88,310.44,NaN
14,27,2024-09-30 20:20:00,2024-09-30 21:20:00,2,240.33,0,4.41,72.24,0.94,1.42,2.55,1.43
15,30,2024-09-30 20:20:00,2024-10-01 04:20:00,4,1148.22,NaN,83.63,NaN,22.17,56.02,67.35,1.17
16,33,2024-09-30 20:20:00,2024-09-30 20:20:00,2,233.65,0,7.2,60.8,2.12,0.64,0.77,1.03
17,44,2024-09-30 20:21:00,2024-09-30 15:21:00,2,303.75,NaN,21.08,94.41,8.35,5.68,7.61,1.3
18,56,2024-09-30 20:21:00,2024-10-01 03:21:00,1,480.65,NaN,16.62,0.33,18.36,6.7,8.64,3.96
19,59,2024-09-30 20:21:00,2024-09-30 21:21:00,2,257.02,0,9.68,67.95,0.58,3.01,8.67,2.69
20,65,2024-09-30 20:21:00,2024-10-01 05:21:00,1,313.76,NaN,36.33,3.58,12.4,8.37,13.85,2.09
21,1,2024-09-30 21:34:00,2024-10-01 05:34:00,2,283.72,NaN,32.22,15.02,19.79,13.63,19.98,1.52
22,2,2024-09-30 21:34:00,2024-10-01 02:04:00,5,2002.72,NaN,31.19,0.02,14.54,171.78,236.57,6.97
23,3,2024-09-30 21:34:00,2024-10-01 04:34:00,5,13351.44,NaN,174.11,NaN,1358.03,625.73,683.1,NaN
24,27,2024-09-30 21:34:00,2024-09-30 22:34:00,2,226.97,0,3.09,75.82,0.81,1.08,2.22,1.3
25,30,2024-09-30 21:34:00,2024-10-01 05:34:00,3,761.03,NaN,76.08,NaN,25.51,45.36,56.67,0.6
26,33,2024-09-30 21:35:00,2024-09-30 21:35:00,1,233.65,0,6.68,57.94,1.97,0.86,1.01,NaN
27,44,2024-09-30 21:35:00,2024-09-30 16:35:00,2,390.53,NaN,45.93,60.08,11.92,6.2,9.32,2.6
28,56,2024-09-30 21:35:00,2024-10-01 04:35:00,2,540.73,NaN,19.36,0.04,33.85,10.13,12.03,5.07
29,59,2024-09-30 21:35:00,2024-09-30 22:35:00,2,NaN,0,10.37,62.94,0.61,3.07,8.61,6.78
30,65,2024-09-30 21:35:00,2024-10-01 06:35:00,2,447.27,NaN,27.76,11.44,17.64,14.47,23.18,4.12
31,1,2024-09-30 23:20:00,2024-10-01 07:20:00,2,290.39,NaN,32.22,23.25,23.6,14.51,21.13,1.6
32,2,2024-09-30 23:20:00,2024-10-01 03:50:00,5,1976.01,NaN,28.1,NaN,14.9,169.18,235.12,7.03
33,3,2024-09-30 23:20:00,2024-10-01 06:20:00,5,9078.98,NaN,137.09,0.02,1007.08,408.59,458.84,NaN
34,27,2024-09-30 23:20:00,2024-10-01 00:20:00,2,226.97,0,2.83,76.53,0.82,1.09,2.35,1.31
35,30,2024-09-30 23:20:00,2024-10-01 07:20:00,3,787.74,NaN,80.88,0.14,30.99,47.34,58.84,0.87
36,33,2024-09-30 23:20:00,2024-09-30 23:20:00,1,233.65,0,6.08,57.22,1.79,0.91,1.08,NaN
37,44,2024-09-30 23:21:00,2024-09-30 18:21:00,3,NaN,NaN,74.71,19.85,14.42,8.29,13.63,4.05
38,56,2024-09-30 23:21:00,2024-10-01 06:21:00,2,1148.22,NaN,27.42,NaN,68.67,17.83,20.41,10.64
39,59,2024-09-30 23:21:00,2024-10-01 00:21:00,2,240.33,0,9.6,67.23,0.67,3.03,8.57,10.01
40,65,2024-09-30 23:21:00,2024-10-01 08:21:00,2,500.68,NaN,32.56,14.66,22.17,17.48,27.26,6.08
41,1,2024-10-01 00:20:00,2024-10-01 08:20:00,2,287.06,NaN,34.62,34.33,24.32,14.21,20.77,1.82
42,2,2024-10-01 00:20:00,2024-10-01 04:50:00,5,2029.42,NaN,26.05,NaN,16.21,170.49,238.06,7.35
43,3,2024-10-01 00:20:00,2024-10-01 07:20:00,5,6141.66,NaN,97.33,0.29,846.86,227.43,273.62,NaN
44,27,2024-10-01 00:20:00,2024-10-01 01:20:00,2,223.64,0,2.72,75.82,0.83,1.13,2.58,1.28
45,30,2024-10-01 00:20:00,2024-10-01 08:20:00,4,781.06,NaN,91.85,0.89,36.24,50.54,61.91,0.93
46,33,2024-10-01 00:20:00,2024-10-01 00:20:00,1,233.65,0,5.4,56.51,1.79,0.95,1.16,1.05
47,44,2024-10-01 00:21:00,2024-09-30 19:21:00,3,554.09,NaN,78.83,2.53,14.07,9.58,16.59,4.12
48,56,2024-10-01 00:21:00,2024-10-01 07:21:00,3,2643.59,NaN,46.61,0.02,141.14,35.14,38.57,19.51
49,59,2024-10-01 00:21:00,2024-10-01 01:21:00,2,243.66,0,9.43,65.09,0.7,3.27,8.82,12.92
50,65,2024-10-01 00:21:00,2024-10-01 09:21:00,2,473.98,NaN,39.41,23.6,28.13,18.57,27.94,7.16
51,1,2024-10-01 01:20:00,2024-10-01 09:20:00,2,NaN,NaN,23.65,73.67,16.69,8.7,13.39,1.19
52,2,2024-10-01 01:20:00,2024-10-01 05:50:00,5,2216.34,NaN,23.99,NaN,19.55,178.97,255.04,8.87
53,3,2024-10-01 01:20:00,2024-10-01 08:20:00,5,5500.79,NaN,87.05,0.76,808.72,187.51,231.43,NaN
54,27,2024-10-01 01:20:00,2024-10-01 02:20:00,2,226.97,0,2.96,74.39,0.89,1.23,2.94,1.17
55,30,2024-10-01 01:20:00,2024-10-01 09:20:00,3,607.49,NaN,97.33,3.58,37.19,36.51,44.17,1.31
56,33,2024-10-01 01:20:00,2024-10-01 01:20:00,1,233.65,0,5.01,55.08,1.82,0.99,1.22,NaN
57,44,2024-10-01 01:21:00,2024-09-30 20:21:00,3,607.49,NaN,71.97,0.06,12.64,10.81,19.29,3.71
58,56,2024-10-01 01:21:00,2024-10-01 08:21:00,4,4005.43,NaN,69.23,0.34,200.27,54.24,58.53,25.33
59,59,2024-10-01 01:21:00,2024-10-01 02:21:00,1,NaN,0,9.77,57.22,0.73,3.54,8.97,12.03
60,65,2024-10-01 01:21:00,2024-10-01 10:21:00,1,300.41,NaN,23.65,54.36,19.31,8.64,14.15,3.58
61,1,2024-10-01 06:16:00,2024-10-01 14:16:00,2,216.96,NaN,18.68,87.98,12.16,3.9,6.72,1.22
62,2,2024-10-01 06:16:00,2024-10-01 10:46:00,5,1428.6,NaN,20.39,177.38,26.46,183.18,240.25,20.01
63,3,2024-10-01 06:16:00,2024-10-01 13:16:00,5,2510.07,NaN,65.8,0.34,400.54,56.26,72.13,0.55
64,27,2024-10-01 06:16:00,2024-10-01 07:16:00,1,277.04,0,10.88,57.94,1.83,3.34,6.7,1.05
65,30,2024-10-01 06:16:00,2024-10-01 14:16:00,1,350.48,NaN,27.76,17.7,10.85,5.44,6.93,NaN
66,33,2024-10-01 06:16:00,2024-10-01 06:16:00,1,236.99,NaN,11.65,40.77,4.35,2.29,3.13,0.67
67,44,2024-10-01 06:16:00,2024-10-01 01:16:00,2,370.5,NaN,42.16,9.12,6.8,5.52,11.91,1.01
68,56,2024-10-01 06:16:00,2024-10-01 13:16:00,2,473.98,NaN,33.24,13.77,42.44,7.04,9.42,0.79
69,59,2024-10-01 06:17:00,2024-10-01 07:17:00,1,343.8,NaN,21.08,0.53,1.22,7.27,12.44,8.11
70,65,2024-10-01 06:17:00,2024-10-01 15:17:00,2,233.65,NaN,6.51,71.53,5.42,3.67,6.86,0.98
71,1,2024-10-01 07:20:00,2024-10-01 15:20:00,2,226.97,,27.42,64.37,14.78,2.8,5.17,1.24
72,2,2024-10-01 07:20:00,2024-10-01 11:50:00,5,881.2,,6.94,194.55,19.07,124.64,155.95,12.16
73,3,2024-10-01 07:20:00,2024-10-01 14:20:00,5,2376.56,,70.6,0.96,392.91,51.89,68.98,0.86
74,27,2024-10-01 07:20:00,2024-10-01 08:20:00,1,283.72,,12.34,53.64,2.03,3.73,7.49,1.11
75,30,2024-10-01 07:20:00,2024-10-01 15:20:00,1,340.46,,26.39,30.4,11.09,6.23,8.1,1.25
76,33,2024-10-01 07:20:00,2024-10-01 07:20:00,1,243.66,,16.79,35.41,5.13,3.17,4.92,0.82
77,44,2024-10-01 07:21:00,2024-10-01 02:21:00,1,337.12,,32.9,17.52,6.2,NaN,10.21,0.87
78,56,2024-10-01 07:21:00,2024-10-01 14:21:00,2,460.63,,30.85,16.63,40.05,6.12,8.22,0.85
79,59,2024-10-01 07:21:00,2024-10-01 08:21:00,1,383.85,,22.96,0.48,1.45,7.91,13.25,8.49
80,65,2024-10-01 07:21:00,2024-10-01 16:21:00,2,243.66,,9.08,66.52,5.72,3.4,6.47,1.3
81,1,2024-10-01 08:20:00,2024-10-01 16:20:00,2,267.03,,45.93,35.41,19.79,3.15,5.83,1.54
82,2,2024-10-01 08:20:00,2024-10-01 12:50:00,5,767.71,,5.36,180.24,15.14,96.28,121.05,9.88
83,3,2024-10-01 08:20:00,2024-10-01 15:20:00,5,2456.67,,72.66,0.54,408.17,54.28,74.8,1.3
84,27,2024-10-01 08:20:00,2024-10-01 09:20:00,1,270.37,,10.37,55.79,2.09,3.34,7.38,1.16
85,30,2024-10-01 08:20:00,2024-10-01 16:20:00,1,360.49,,35.99,32.54,12.64,9.43,12.16,1.63
86,33,2024-10-01 08:20:00,2024-10-01 08:20:00,1,240.33,,16.28,38.27,5.13,3.56,6.51,0.93
87,44,2024-10-01 08:20:00,2024-10-01 03:20:00,1,327.11,,30.16,19.67,6.5,5.04,9.77,0.89
88,56,2024-10-01 08:21:00,2024-10-01 15:21:00,2,487.33,,32.56,16.63,41.01,6.46,8.45,1.03
89,59,2024-10-01 08:21:00,2024-10-01 09:21:00,1,363.83,,19.54,4.07,1.01,6.26,11.59,4.94
90,65,2024-10-01 08:21:00,2024-10-01 17:21:00,1,257.02,,12.85,59.37,6.14,3.58,6.87,1.6
91,1,2024-10-01 09:36:00,2024-10-01 17:36:00,3,353.81,NaN,71.97,0.4,36.24,5.62,9.54,1.79
92,2,2024-10-01 09:36:00,2024-10-01 14:06:00,5,807.76,NaN,10.11,154.5,14.54,85.55,117.08,10.39
93,3,2024-10-01 09:36:00,2024-10-01 16:36:00,5,2456.67,NaN,78.14,0.02,408.17,57.47,85.38,2.76
94,27,2024-10-01 09:29:00,2024-10-01 10:29:00,2,253.68,NaN,7.8,60.08,2.09,2.78,6.93,1.16
95,30,2024-10-01 09:36:00,2024-10-01 17:36:00,2,380.52,NaN,47.3,45.06,15.74,12.82,18.84,2.53
96,33,2024-10-01 09:36:00,2024-10-01 09:36:00,1,236.99,NaN,10.97,57.22,4.53,2.99,6.32,0.96
97,44,2024-10-01 09:37:00,2024-10-01 04:37:00,1,327.11,NaN,32.9,18.06,7.57,5.26,9.67,1.09
98,56,2024-10-01 09:37:00,2024-10-01 16:37:00,2,1054.76,NaN,47.98,3.89,54.36,11.4,13.65,3.33
99,59,2024-10-01 09:37:00,2024-10-01 10:37:00,2,223.64,NaN,5.14,75.1,0.68,NaN,11.89,0.91
100,65,2024-10-01 09:37:00,2024-10-01 18:37:00,1,270.37,0,13.2,55.79,6.02,3.86,8.75,1.43
101,1,2024-10-01 10:20:00,2024-10-01 18:20:00,3,357.15,NaN,74.71,0.28,35.76,7.15,11.49,2.06
102,2,2024-10-01 10:20:00,2024-10-01 14:50:00,5,747.68,NaN,9.34,155.93,15.74,87.6,122.88,9.25
103,3,2024-10-01 10:20:00,2024-10-01 17:20:00,5,2349.85,NaN,77.46,0.01,400.54,53.46,80.2,2.5
104,27,2024-10-01 10:20:00,2024-10-01 11:20:00,1,250.34,NaN,6.6,57.22,1.68,2.24,4.46,1.12
105,30,2024-10-01 10:20:00,2024-10-01 18:20:00,2,387.19,NaN,45.24,37.55,14.66,13.65,17.9,2.01
106,33,2024-10-01 10:21:00,2024-10-01 10:21:00,1,236.99,NaN,13.37,43.99,3.76,2.48,2.75,0.32
107,44,2024-10-01 10:21:00,2024-10-01 05:21:00,1,340.46,NaN,34.96,15.02,7.75,5.59,10.56,1.06
108,56,2024-10-01 10:21:00,2024-10-01 17:21:00,3,1255.04,NaN,76.77,14.66,70.57,19.18,22.5,3.9
109,59,2024-10-01 10:21:00,2024-10-01 11:21:00,2,226.97,NaN,5.18,74.39,0.78,4.14,12.65,0.89
110,65,2024-10-01 10:21:00,2024-10-01 19:21:00,1,273.71,0,16.28,46.49,5.07,3.11,6.81,1.66
111,1,2024-10-01 11:20:00,2024-10-01 19:20:00,3,417.23,38,80.2,NaN,47.68,10.4,15.5,1.76
112,2,2024-10-01 11:20:00,2024-10-01 15:50:00,5,881.2,NaN,17.82,135.9,17.64,93.25,138.79,11.78
113,3,2024-10-01 11:20:00,2024-10-01 18:20:00,5,2349.85,NaN,78.14,NaN,389.1,56.46,84.6,2.91
114,27,2024-10-01 11:20:00,2024-10-01 12:20:00,2,243.66,NaN,5.27,62.23,1.51,1.87,3.72,1.08
115,30,2024-10-01 11:20:00,2024-10-01 19:20:00,2,377.18,NaN,39.76,51.5,15.97,14.96,20.25,2.34
116,33,2024-10-01 11:20:00,2024-10-01 11:20:00,1,236.99,NaN,13.02,47.92,3.52,2.29,2.52,0.31
117,44,2024-10-01 11:21:00,2024-10-01 06:21:00,2,397.21,NaN,44.55,5.63,8.46,6.84,12.39,1.76
118,56,2024-10-01 11:21:00,2024-10-01 18:21:00,2,1869.2,NaN,69.92,0.63,73.43,23.78,27.94,5.76
119,59,2024-10-01 11:21:00,2024-10-01 12:21:00,2,223.64,NaN,3.09,85.12,0.78,3.94,12.2,0.61
120,65,2024-10-01 11:21:00,2024-10-01 20:21:00,1,277.04,0,15.08,50.07,5.07,2.95,6.53,1.57
121,1,2024-10-01 12:20:00,2024-10-01 20:20:00,3,507.36,NaN,95.96,NaN,55.79,15.99,21.51,1.25
122,2,2024-10-01 12:20:00,2024-10-01 16:50:00,5,1028.06,NaN,28.45,110.15,18.6,96.7,151.38,14.31
123,3,2024-10-01 12:20:00,2024-10-01 19:20:00,5,2296.45,NaN,77.46,NaN,377.66,58.45,88.06,3.29
124,27,2024-10-01 12:20:00,2024-10-01 13:20:00,2,240.33,NaN,4.46,65.8,1.48,1.72,3.42,1.09
125,30,2024-10-01 12:20:00,2024-10-01 20:20:00,2,360.49,0,33.59,60.8,16.21,14.52,20.94,2.57
126,33,2024-10-01 12:20:00,2024-10-01 12:20:00,1,236.99,NaN,12.17,55.79,3.25,2.17,2.43,0.32
127,44,2024-10-01 12:21:00,2024-10-01 07:21:00,2,473.98,NaN,50.72,1.29,9.66,8.24,15.08,2.41
128,56,2024-10-01 12:21:00,2024-10-01 19:21:00,2,1869.2,NaN,51.41,NaN,61.04,22.62,27.53,5.51
129,59,2024-10-01 12:21:00,2024-10-01 13:21:00,2,216.96,NaN,2.27,91.55,0.74,3.79,11.68,0.5
130,65,2024-10-01 12:21:00,2024-10-01 21:21:00,1,273.71,0,14.57,51.5,5.36,3.22,6.96,1.58
131,1,2024-10-01 13:20:00,2024-10-01 21:20:00,3,534.06,NaN,100.08,NaN,52.93,21.65,26.85,0.65
132,2,2024-10-01 13:20:00,2024-10-01 17:50:00,5,1388.55,NaN,44.55,70.1,20.98,108.17,180.59,NaN
133,3,2024-10-01 13:20:00,2024-10-01 20:20:00,5,2323.15,NaN,76.08,NaN,370.03,60.5,88.72,3.48
134,27,2024-10-01 13:20:00,2024-10-01 14:20:00,2,233.65,NaN,3.51,74.39,1.24,1.39,2.68,0.92
135,30,2024-10-01 13:20:00,2024-10-01 21:20:00,2,373.84,NaN,38.04,52.93,17.88,14.66,21.51,2.85
136,33,2024-10-01 13:20:00,2024-10-01 13:20:00,2,236.99,NaN,11.48,61.51,3.1,2.17,2.49,0.32
137,44,2024-10-01 13:20:00,2024-10-01 08:20:00,2,487.33,NaN,51.41,4.16,11.21,8.05,15.37,2.69
138,56,2024-10-01 13:21:00,2024-10-01 20:21:00,2,1668.93,NaN,38.39,NaN,50.07,19.83,25.08,5.51
139,59,2024-10-01 13:21:00,2024-10-01 14:21:00,2,213.62,NaN,1.8,94.41,0.63,3.63,11.12,0.47
140,65,2024-10-01 13:21:00,2024-10-01 22:21:00,1,263.69,0,13.71,50.07,5.66,3.6,7.77,1.39
141,1,2024-10-01 14:20:00,2024-10-01 22:20:00,3,507.36,NaN,100.08,NaN,48.16,24.92,29.72,0.32
142,2,2024-10-01 14:20:00,2024-10-01 18:50:00,5,1922.61,NaN,63.06,31.11,25.99,132.16,233.97,24.32
143,3,2024-10-01 14:20:00,2024-10-01 21:20:00,5,2323.15,NaN,75.4,NaN,373.84,62.53,90.49,3.55
144,27,2024-10-01 14:20:00,2024-10-01 15:20:00,2,230.31,NaN,3.43,80.82,1.16,1.28,2.3,0.82
145,30,2024-10-01 14:20:00,2024-10-01 22:20:00,2,397.21,NaN,45.24,37.91,18.36,15.17,21.79,3.1
146,33,2024-10-01 14:20:00,2024-10-01 14:20:00,2,236.99,NaN,11.48,60.8,3.13,2.29,2.65,0.3
147,44,2024-10-01 14:20:00,2024-10-01 09:20:00,2,460.63,NaN,47.98,12.34,12.99,6.94,14.17,3.23
148,56,2024-10-01 14:21:00,2024-10-01 21:21:00,2,1535.42,NaN,30.85,NaN,42.92,18.17,23.36,5.89
149,59,2024-10-01 14:21:00,2024-10-01 15:21:00,2,211.95,NaN,1.95,94.41,0.6,3.58,NaN,0.5
150,65,2024-10-01 14:21:00,2024-10-01 23:21:00,1,243.66,0,11.31,51.5,5.54,3.66,8.42,1.05
151,1,2024-10-01 15:20:00,2024-10-01 23:20:00,3,447.27,NaN,95.96,0.05,38.15,23.82,28.41,0.13
152,2,2024-10-01 15:20:00,2024-10-01 19:50:00,5,2376.56,NaN,72.66,10.19,30.52,155.76,282.8,27.11
153,3,2024-10-01 15:20:00,2024-10-01 22:20:00,5,2269.75,NaN,76.08,NaN,366.21,61.06,88.49,3.26
154,27,2024-10-01 15:20:00,2024-10-01 16:20:00,2,230.31,NaN,3.86,83.69,1.15,1.35,2.25,0.86
155,30,2024-10-01 15:20:00,2024-10-01 23:20:00,2,383.85,NaN,41.47,35.76,16.45,15.08,21.31,2.98
156,33,2024-10-01 15:20:00,2024-10-01 15:20:00,1,236.99,NaN,11.48,57.94,3.01,2.49,2.87,0.28
157,44,2024-10-01 15:20:00,2024-10-01 10:20:00,2,413.9,NaN,42.84,22.53,14.54,5.74,12.04,3.33
158,56,2024-10-01 15:21:00,2024-10-01 22:21:00,2,1508.71,NaN,27.42,NaN,39.1,16.92,21.65,6.33
159,59,2024-10-01 15:21:00,2024-10-01 16:21:00,2,211.95,NaN,2.49,91.55,0.59,3.7,11.57,0.52
160,65,2024-10-01 15:21:00,2024-10-02 00:21:00,1,233.65,0,9.77,52.21,5.42,3.57,8.92,0.94
161,1,2024-10-01 16:20:00,2024-10-02 00:20:00,3,360.49,NaN,81.57,4.78,26.7,21.76,25.99,0.09
162,2,2024-10-01 16:20:00,2024-10-01 20:50:00,5,2910.61,NaN,73.34,1.17,37.67,189.64,334.95,29.64
163,3,2024-10-01 16:20:00,2024-10-01 23:20:00,5,2189.64,NaN,78.14,NaN,362.4,54.95,80.31,2.72
164,27,2024-10-01 16:20:00,2024-10-01 17:20:00,2,236.99,NaN,5.44,82.25,1.34,1.69,2.56,1.03
165,30,2024-10-01 16:20:00,2024-10-02 00:20:00,2,363.83,NaN,34.96,38.98,16.21,15.21,21.27,2.79
166,33,2024-10-01 16:20:00,2024-10-01 16:20:00,1,240.33,NaN,12.17,55.08,2.83,2.75,3.21,0.31
167,44,2024-10-01 16:21:00,2024-10-01 11:21:00,1,323.77,NaN,32.56,42.2,9.54,3.52,6.7,1.87
168,56,2024-10-01 16:21:00,2024-10-01 23:21:00,2,1388.55,NaN,24.68,NaN,32.42,14.93,18.9,6.14
169,59,2024-10-01 16:21:00,2024-10-01 17:21:00,2,216.96,NaN,3.6,87.98,0.61,3.97,12.44,0.68
170,65,2024-10-01 16:21:00,2024-10-02 01:21:00,1,236.99,0,9.77,50.78,5.66,3.28,8.06,0.93
171,1,2024-10-01 17:20:00,2024-10-02 01:20:00,2,323.77,NaN,67.86,16.09,21.46,23.32,27.23,0.12
172,2,2024-10-01 17:20:00,2024-10-01 21:50:00,5,NaN,NaN,69.92,0.01,45.78,239.28,398.65,31.16
173,3,2024-10-01 17:20:00,2024-10-02 00:20:00,5,2189.64,NaN,78.14,NaN,362.4,54.53,81.78,2.98
174,27,2024-10-01 17:20:00,2024-10-01 18:20:00,2,253.68,NaN,8.23,76.53,2.12,2.62,3.65,1.31
175,30,2024-10-01 17:20:00,2024-10-02 01:20:00,2,353.81,NaN,28.79,42.56,17.17,15.63,21.62,2.76
176,33,2024-10-01 17:21:00,2024-10-01 17:21:00,1,243.66,NaN,13.37,52.21,2.98,3.07,3.62,0.34
177,44,2024-10-01 17:21:00,2024-10-01 12:21:00,1,313.76,NaN,28.79,47.92,8.58,3.34,5.75,1.73
178,56,2024-10-01 17:21:00,2024-10-02 00:21:00,2,1108.17,NaN,21.25,NaN,22.41,12.2,15.53,5.26
179,59,2024-10-01 17:21:00,2024-10-01 18:21:00,2,220.3,NaN,4.71,84.4,0.65,4.22,13.23,0.83
180,65,2024-10-01 17:21:00,2024-10-02 02:21:00,1,236.99,0,9.77,51.5,5.72,2.93,6.3,0.86
181,1,2024-10-01 19:17:00,2024-10-02 03:17:00,2,303.75,NaN,65.8,2.08,20.98,23.81,27.93,0.52
182,2,2024-10-01 19:17:00,2024-10-01 23:47:00,5,4539.49,NaN,66.49,NaN,42.44,300.12,440.12,19.51
183,3,2024-10-01 19:17:00,2024-10-02 02:17:00,5,2349.85,NaN,76.77,NaN,408.17,64.18,95.29,4.24
184,27,2024-10-01 19:17:00,2024-10-01 20:17:00,2,280.38,0,NaN,65.09,3.13,4.63,6.34,1.58
185,30,2024-10-01 19:17:00,2024-10-02 03:17:00,2,360.49,NaN,24.68,42.2,21.7,18.35,24.24,2.6
186,33,2024-10-01 19:17:00,2024-10-01 19:17:00,1,250.34,0,12.51,50.78,3.28,3.4,3.93,0.31
187,44,2024-10-01 19:17:00,2024-10-01 14:17:00,1,330.45,NaN,31.87,47.92,9.89,4.62,7.05,1.98
188,56,2024-10-01 19:18:00,2024-10-02 02:18:00,1,627.52,NaN,14.91,NaN,16.93,8.16,10.71,4.05
189,59,2024-10-01 19:18:00,2024-10-01 20:18:00,2,230.31,0,6.68,76.53,0.76,4.69,14.29,0.9
190,65,2024-10-01 19:18:00,2024-10-02 04:18:00,1,236.99,0,8.4,55.08,5.42,2.91,5.67,0.67
191,1,2024-10-02 08:05:00,2024-10-02 16:05:00,2,267.03,,40.78,81.54,27.66,11.87,18.71,0.42
192,2,2024-10-02 08:05:00,2024-10-02 12:35:00,5,674.25,,8.31,183.11,18.36,99.7,177.13,14.31
193,3,2024-10-02 08:05:00,2024-10-02 15:05:00,5,2777.1,,91.85,3.17,503.54,60.93,86.94,3.67
194,27,2024-10-02 08:05:00,2024-10-02 09:05:00,1,283.72,,9.51,36.48,1.34,4.33,7.48,0.86
195,30,2024-10-02 08:05:00,2024-10-02 16:05:00,1,350.48,,35.3,51.5,13.47,8.85,11.61,2.47
196,33,2024-10-02 08:05:00,2024-10-02 08:05:00,1,NaN,,13.71,45.78,4.05,3.09,4.33,0.4
197,44,2024-10-02 08:05:00,2024-10-02 03:05:00,2,350.48,,39.07,8.23,7.57,12.07,18.16,0.97
198,56,2024-10-02 08:05:00,2024-10-02 15:05:00,2,734.33,,62.38,24.32,48.16,14.26,17.44,1.69
199,59,2024-10-02 08:05:00,2024-10-02 09:05:00,1,383.85,,25.71,9.74,0.81,8.21,12.23,4.43
200,65,2024-10-02 08:06:00,2024-10-02 17:06:00,1,260.35,,13.71,44.7,5.19,2.18,5.74,1.33
201,1,2024-10-02 15:16:00,2024-10-02 23:16:00,3,367.17,NaN,83.63,0.02,36.72,21.38,27.38,0.71
202,2,2024-10-02 15:16:00,2024-10-02 19:46:00,5,3391.27,NaN,85.68,0.04,45.3,195.97,369.37,37.49
203,3,2024-10-02 15:16:00,2024-10-02 22:16:00,5,3391.27,NaN,82.25,NaN,556.95,87.52,125.45,5.13
204,27,2024-10-02 15:16:00,2024-10-02 16:16:00,1,280.38,NaN,10.11,41.49,1.51,4.79,5.99,1.09
205,30,2024-10-02 15:17:00,2024-10-02 23:17:00,2,433.92,NaN,43.53,0.17,12.28,8.19,12.29,4.43
206,33,2024-10-02 15:17:00,2024-10-02 15:17:00,1,250.34,NaN,10.45,45.06,3.07,1.46,1.66,0.23
207,44,2024-10-02 15:17:00,2024-10-02 10:17:00,1,343.8,NaN,33.93,15.2,10.49,5.23,9.68,2.25
208,56,2024-10-02 15:17:00,2024-10-02 22:17:00,4,3284.45,NaN,69.92,NaN,139.24,50.54,55.39,22.29
209,59,2024-10-02 15:17:00,2024-10-02 16:17:00,2,250.34,NaN,NaN,75.1,1.57,5.11,12.22,1.84
210,65,2024-10-02 15:17:00,2024-10-03 00:17:00,1,NaN,0,11.14,46.49,3.4,2.51,7.17,0.76
211,1,2024-10-02 16:20:00,2024-10-03 00:20:00,3,377.18,NaN,78.14,NaN,32.9,25.39,31.01,1.05
212,2,2024-10-02 16:20:00,2024-10-02 20:50:00,5,4592.9,NaN,85.68,NaN,61.99,277.28,474.37,48.13
213,3,2024-10-02 16:20:00,2024-10-02 23:20:00,5,2964.02,NaN,80.88,NaN,488.28,72.12,106.59,4.62
214,27,2024-10-02 16:20:00,2024-10-02 17:20:00,1,317.1,NaN,16.28,37.19,1.97,6.94,8.39,1.43
215,30,2024-10-02 16:20:00,2024-10-03 00:20:00,1,427.25,NaN,39.41,0.06,10.85,8.43,12.63,4.62
216,33,2024-10-02 16:20:00,2024-10-02 16:20:00,1,250.34,NaN,10.28,50.07,2.83,1.87,2.24,0.27
217,44,2024-10-02 16:21:00,2024-10-02 11:21:00,1,330.45,NaN,30.16,23.6,11.56,4.9,9.36,2.31
218,56,2024-10-02 16:21:00,2024-10-02 23:21:00,4,3391.27,NaN,72.66,NaN,137.33,63.28,68.07,22.29
219,59,2024-10-02 16:21:00,2024-10-02 17:21:00,2,NaN,NaN,8.14,75.1,1.36,4.55,12.6,1.6
220,65,2024-10-02 16:21:00,2024-10-03 01:21:00,1,233.65,0,8.91,51.5,3.67,2.13,6.47,0.62
221,1,2025-04-27 16:19:00,2025-04-28 00:19:00,4,164.58,0,1.34,148.28,2.98,15.64,26.34,0.8
222,2,2025-04-27 16:19:00,2025-04-27 20:49:00,3,382.08,0,13.56,103.41,4.81,38.89,73.97,38.39
223,3,2025-04-27 16:20:00,2025-04-27 23:20:00,3,539.37,NaN,49.06,8.75,11.46,43.2,71.72,10.16
224,27,2025-04-27 16:20:00,2025-04-27 17:20:00,3,147.36,NaN,1.1,110.29,0.65,6.37,6.97,4.9
225,30,2025-04-27 16:20:00,2025-04-28 00:20:00,2,154.76,0,6.03,85.56,0.42,14.42,20.97,2.17
226,33,2025-04-27 16:20:00,2025-04-27 16:20:00,3,169.84,NaN,42.27,54.17,29.38,49.25,50.42,0.62
227,44,2025-04-27 16:20:00,2025-04-27 11:20:00,2,140.1,NaN,1.36,89.67,0.83,0.52,0.8,0.66
228,56,2025-04-27 16:20:00,2025-04-27 23:20:00,1,129.55,NaN,0.87,15.29,0.74,7.3,8.56,2.18
229,59,2025-04-27 16:20:00,2025-04-27 17:20:00,3,137.47,NaN,0.48,105.45,0.38,2.25,3.88,1.91
230,65,2025-04-27 16:20:00,2025-04-28 01:20:00,1,73.8,0,0.41,47.87,0.14,0.92,1.44,NaN
231,1,2025-04-27 16:26:00,2025-04-28 00:26:00,4,164.58,0,1.34,148.28,2.98,15.64,26.34,0.8
232,2,2025-04-27 16:26:00,2025-04-27 20:56:00,3,382.08,0,13.56,103.41,4.81,38.89,73.97,38.39
233,3,2025-04-27 16:26:00,2025-04-27 23:26:00,3,539.37,NaN,49.06,8.75,11.46,43.2,71.72,10.16
234,27,2025-04-27 16:26:00,2025-04-27 17:26:00,3,147.36,NaN,1.1,110.29,0.65,6.37,6.97,4.9
235,30,2025-04-27 16:26:00,2025-04-28 00:26:00,2,154.76,0,6.03,85.56,0.42,14.42,20.97,2.17
236,33,2025-04-27 16:26:00,2025-04-27 16:26:00,3,169.84,NaN,42.27,54.17,29.38,49.25,50.42,0.62
237,44,2025-04-27 16:26:00,2025-04-27 11:26:00,2,140.1,NaN,1.36,89.67,0.83,0.52,0.8,0.66
238,56,2025-04-27 16:26:00,2025-04-27 23:26:00,1,129.55,NaN,0.87,15.29,0.74,7.3,8.56,2.18
239,59,2025-04-27 16:26:00,2025-04-27 17:26:00,3,137.47,NaN,0.48,105.45,0.38,2.25,3.88,1.91
240,65,2025-04-27 16:26:00,2025-04-28 01:26:00,1,73.8,0,0.41,47.87,0.14,0.92,1.44,NaN
241,1,2025-06-18 13:28:00,2025-06-18 21:28:00,3,170.97,0,7.21,117.83,7.81,40.09,49.65,0.61
242,2,2025-06-18 13:28:00,2025-06-18 17:58:00,2,285.58,NaN,10.67,96.37,1.8,20.06,27.92,21.1
243,3,2025-06-18 13:28:00,2025-06-18 20:28:00,2,198.08,0,16.51,39.81,15.05,24.1,29.36,3.56
244,27,2025-06-18 13:27:00,2025-06-18 14:27:00,3,178.01,NaN,0.62,117.48,0.67,6.66,7.64,1.7
245,30,2025-06-18 13:29:00,2025-06-18 21:29:00,5,357.27,0,14.54,118.39,1.72,94.85,101.63,3.95
246,33,2025-06-18 13:29:00,2025-06-18 13:29:00,1,207.89,NaN,15.66,58.07,14.8,9.19,11.52,0.21
247,44,2025-06-18 13:29:00,2025-06-18 08:29:00,1,154.42,NaN,4.59,45.34,1.06,6.15,7.8,0.35
248,56,2025-06-18 13:29:00,2025-06-18 20:29:00,1,148.26,0,0.62,23.57,0.28,5.79,7.31,1.15
249,59,2025-06-18 13:29:00,2025-06-18 14:29:00,3,166.92,NaN,0.28,100.02,0.59,5.25,12.03,0.56
250,65,2025-06-18 13:29:00,2025-06-18 22:29:00,1,96.53,NaN,4.23,31.17,0.37,2.07,3.04,0.07
251,1,2025-06-18 15:44:00,2025-06-18 23:44:00,3,197.52,0,8.94,92.59,7.34,47.47,56.19,0.75
252,2,2025-06-18 15:45:00,2025-06-18 20:15:00,2,384.55,0,16.64,49.88,2.45,19.75,NaN,26.49
253,3,2025-06-18 15:45:00,2025-06-18 22:45:00,3,236.07,NaN,22.45,11.14,13.09,26.41,32.62,3.61
254,27,2025-06-18 15:45:00,2025-06-18 16:45:00,3,170.64,NaN,0.86,120.28,0.62,6.6,7.55,1.58
255,30,2025-06-18 15:45:00,2025-06-18 23:45:00,4,282.69,0,8.14,106.2,1.29,66.77,73.39,3.25
256,33,2025-06-18 15:45:00,2025-06-18 15:45:00,2,211.25,NaN,20.91,68.86,16.4,14.04,16.97,0.12
257,44,2025-06-18 15:45:00,2025-06-18 10:45:00,2,142.05,NaN,2.85,70.51,1.49,7.75,9.07,0.3
258,56,2025-06-18 15:45:00,2025-06-18 22:45:00,1,144.16,NaN,0.66,13.15,0.22,7.26,9.56,1.17
259,59,2025-06-18 15:45:00,2025-06-18 16:45:00,2,163.35,NaN,0.31,NaN,0.5,5.41,12.48,0.5
260,65,2025-06-18 15:45:00,2025-06-19 00:45:00,1,91.14,0,2.68,37.52,0.26,1.75,2.57,0.1
261,1,2025-06-18 16:15:00,2025-06-19 00:15:00,3,197.52,0,8.94,92.59,7.34,47.47,56.19,0.75
262,2,2025-06-18 16:15:00,2025-06-18 20:45:00,2,384.55,0,16.64,49.88,2.45,19.75,NaN,26.49
263,3,2025-06-18 16:15:00,2025-06-18 23:15:00,3,236.07,NaN,22.45,11.14,13.09,26.41,32.62,3.61
264,27,2025-06-18 16:15:00,2025-06-18 17:15:00,3,170.64,NaN,0.86,120.28,0.62,6.6,7.55,1.58
265,30,2025-06-18 16:15:00,2025-06-19 00:15:00,4,282.69,0,8.14,106.2,1.29,66.77,73.39,3.25
266,33,2025-06-18 16:16:00,2025-06-18 16:16:00,2,211.25,NaN,20.91,68.86,16.4,14.04,16.97,0.12
267,44,2025-06-18 16:16:00,2025-06-18 11:16:00,2,142.05,NaN,2.85,70.51,1.49,7.75,9.07,0.3
268,56,2025-06-18 16:16:00,2025-06-18 23:16:00,1,144.16,NaN,0.66,13.15,0.22,7.26,9.56,1.17
269,59,2025-06-18 16:16:00,2025-06-18 17:16:00,2,163.35,NaN,0.31,NaN,0.5,5.41,12.48,0.5
270,65,2025-06-18 16:16:00,2025-06-19 01:16:00,1,91.14,0,2.68,37.52,0.26,1.75,2.57,0.1
271,30,2025-06-18 19:15:00,2025-06-19 03:15:00,4,241.76,0,6.5,75.36,0.81,50.86,56.48,3.74
272,33,2025-06-18 19:15:00,2025-06-18 19:15:00,2,205.61,NaN,26.75,80.51,11.71,12.4,15.76,0.19
273,1,2025-06-18 19:15:00,2025-06-19 03:15:00,4,220.97,0,12.11,75.78,9.97,52.61,60.98,0.73
274,2,2025-06-18 19:15:00,2025-06-18 23:45:00,2,389.12,0,16.07,33.72,1.63,18.8,31.88,19.31
275,3,2025-06-18 19:15:00,2025-06-19 02:15:00,3,236.41,NaN,18.71,8.31,9.17,39.25,46.35,3.27
276,27,2025-06-18 19:15:00,2025-06-18 20:15:00,3,165.47,NaN,1.63,110.76,0.73,6.35,7.4,1.86
277,44,2025-06-18 19:16:00,2025-06-18 14:16:00,2,135.43,NaN,1.77,82.16,1.16,7.26,7.86,0.43
278,56,2025-06-18 19:16:00,2025-06-19 02:16:00,1,129.36,NaN,0.5,8.48,0.13,7.38,8.71,1.1
279,59,2025-06-18 19:16:00,2025-06-18 20:16:00,2,163.02,NaN,0.61,99.59,0.57,5.66,12.68,0.51
280,65,2025-06-18 19:16:00,2025-06-19 04:16:00,1,91.67,0,2.52,35.26,0.32,1.87,2.74,0.14
281,1,2025-06-18 20:15:00,2025-06-19 04:15:00,4,228.47,0,13.49,72.52,11.61,53.48,61.97,0.69
282,2,2025-06-18 20:15:00,2025-06-19 00:45:00,2,361.83,0,13.95,32.53,1.34,17.62,29.68,16.87
283,3,2025-06-18 20:15:00,2025-06-19 03:15:00,3,243.33,NaN,17.17,4.76,7.06,41.77,49.36,3.77
284,27,2025-06-18 20:15:00,2025-06-18 21:15:00,3,166.28,NaN,2.15,103.24,0.79,6.43,7.57,2.15
285,30,2025-06-18 20:15:00,2025-06-19 04:15:00,4,242.13,0,7.31,68.37,0.78,51.98,57.4,4.25
286,33,2025-06-18 20:15:00,2025-06-18 20:15:00,2,203.49,NaN,29.51,77.31,10.61,11.2,14.44,0.15
287,44,2025-06-18 20:16:00,2025-06-18 15:16:00,2,134.51,NaN,2.16,80.17,1.14,7.15,7.64,0.43
288,56,2025-06-18 20:16:00,2025-06-19 03:16:00,1,127.38,NaN,0.48,8.1,0.12,7.38,8.53,1.21
289,59,2025-06-18 20:16:00,2025-06-18 21:16:00,2,163.27,0,0.67,99.48,0.6,5.74,12.83,0.5
290,65,2025-06-18 20:16:00,2025-06-19 05:16:00,1,92.89,0,2.74,33.75,0.36,1.95,2.84,0.16
291,1,2025-06-19 06:21:00,2025-06-19 14:21:00,4,186.52,NaN,2.77,168.06,9.58,43.16,53.87,NaN
292,2,2025-06-19 06:21:00,2025-06-19 10:51:00,2,211.36,NaN,4.26,63.86,0.94,10.88,14.97,5.3
293,3,2025-06-19 06:22:00,2025-06-19 13:22:00,3,150.4,NaN,4.29,77.19,7.53,28.67,NaN,NaN
294,27,2025-06-19 06:22:00,2025-06-19 07:22:00,2,181.47,NaN,4.87,62.68,1.05,8.07,9.78,2.82
295,30,2025-06-19 06:22:00,2025-06-19 14:22:00,2,159.3,NaN,11.75,64.42,1.37,12.86,15.66,3.52
296,33,2025-06-19 06:22:00,2025-06-19 06:22:00,2,207.91,NaN,36.32,37.19,14.11,13.2,14.9,0.06
297,44,2025-06-19 06:22:00,2025-06-19 01:22:00,1,157.69,0,5.45,38.64,1.41,7.61,8.19,0.33
298,56,2025-06-19 06:22:00,2025-06-19 13:22:00,1,127.11,NaN,0.34,44.43,0.4,7.38,7.82,0.03
299,59,2025-06-19 06:22:00,2025-06-19 07:22:00,2,163.82,NaN,0.83,90.03,0.8,6.34,14.59,0.29
300,65,2025-06-19 06:22:00,2025-06-19 15:22:00,1,108.1,NaN,6.71,42.56,3.07,6.16,8.19,0.21
301,27,2025-06-19 06:25:00,2025-06-19 07:25:00,2,181.47,NaN,4.87,62.68,1.05,8.07,9.78,2.82
302,59,2025-06-19 06:26:00,2025-06-19 07:26:00,2,163.82,NaN,0.83,90.03,0.8,6.34,14.59,0.29
303,1,2025-06-19 06:27:00,2025-06-19 14:27:00,4,186.52,NaN,2.77,168.06,9.58,43.16,53.87,NaN
304,2,2025-06-19 06:27:00,2025-06-19 10:57:00,2,211.36,NaN,4.26,63.86,0.94,10.88,14.97,5.3
305,3,2025-06-19 06:27:00,2025-06-19 13:27:00,3,150.4,NaN,4.29,77.19,7.53,28.67,NaN,NaN
306,30,2025-06-19 06:27:00,2025-06-19 14:27:00,2,159.3,NaN,11.75,64.42,1.37,12.86,15.66,3.52
307,33,2025-06-19 06:27:00,2025-06-19 06:27:00,2,207.91,NaN,36.32,37.19,14.11,13.2,14.9,0.06
308,44,2025-06-19 06:28:00,2025-06-19 01:28:00,1,157.69,0,5.45,38.64,1.41,7.61,8.19,0.33
309,56,2025-06-19 06:28:00,2025-06-19 13:28:00,1,127.11,NaN,0.34,44.43,0.4,7.38,7.82,0.03
310,65,2025-06-19 06:28:00,2025-06-19 15:28:00,1,108.1,NaN,6.71,42.56,3.07,6.16,8.19,0.21
311,1,2025-06-19 10:57:00,2025-06-19 18:57:00,3,131.22,0,3.75,110.87,7.93,20.98,31.41,NaN
312,2,2025-06-19 10:58:00,2025-06-19 15:28:00,2,209.62,NaN,4.16,74.77,0.85,11.59,14.17,4.79
313,3,2025-06-19 10:58:00,2025-06-19 17:58:00,2,226.94,NaN,24.92,20.89,13.52,21.18,25.72,2.34
314,27,2025-06-19 10:58:00,2025-06-19 11:58:00,3,168.36,NaN,0.81,127.45,1.01,8.49,9.67,2.55
315,30,2025-06-19 10:58:00,2025-06-19 18:58:00,1,168.82,NaN,26.88,25.13,1.14,5.55,7.06,4.9
316,33,2025-06-19 10:58:00,2025-06-19 10:58:00,2,206.37,NaN,8.85,83.78,5.68,13.59,16.39,0.21
317,44,2025-06-19 10:58:00,2025-06-19 05:58:00,1,153.1,NaN,4.69,23.93,1.22,4.83,5.81,0.38
318,56,2025-06-19 10:58:00,2025-06-19 17:58:00,1,125.97,NaN,0.52,30.21,0.48,8.36,9.41,0.78
319,59,2025-06-19 10:58:00,2025-06-19 11:58:00,2,160.73,NaN,0.4,98.68,0.79,7.07,16.03,0.27
320,65,2025-06-19 10:58:00,2025-06-19 19:58:00,1,103.09,0,5.33,38.55,0.66,4.58,5.78,0.06
321,1,2025-06-19 18:39:00,2025-06-20 02:39:00,2,139.96,0,4.83,80.5,9.72,23.8,32.02,0.05
322,2,2025-06-19 18:39:00,2025-06-19 23:09:00,2,361.7,0,9.46,50.25,1.76,18.91,25.22,9.62
323,3,2025-06-19 18:39:00,2025-06-20 01:39:00,3,188.68,0,13.99,29.16,12.84,31.17,36.46,1.69
324,27,2025-06-19 18:39:00,2025-06-19 19:39:00,3,162.16,NaN,1.79,129.83,1.24,9.55,10.59,2.53
325,30,2025-06-19 18:39:00,2025-06-20 02:39:00,1,107.22,0,4.98,35.76,0.95,4.5,6.43,1.56
326,33,2025-06-19 18:39:00,2025-06-19 18:39:00,3,189.89,NaN,6.72,130.68,4.2,7.89,10.45,0.58
327,44,2025-06-19 18:39:00,2025-06-19 13:39:00,2,NaN,NaN,0.87,88.55,1.09,5.49,6.03,0.71
328,56,2025-06-19 18:39:00,2025-06-20 01:39:00,1,110.48,0,0.44,15.85,0.11,4.41,5.57,0.41
329,59,2025-06-19 18:39:00,2025-06-19 19:39:00,3,156.12,NaN,0.67,101.59,0.78,7.76,16.97,0.32
330,65,2025-06-19 18:39:00,2025-06-20 03:39:00,1,98.1,0,3.38,40.66,0.57,4.39,5.22,0.12
331,1,2025-06-20 11:16:00,2025-06-20 19:16:00,2,114.9,0,3.54,80.22,9.86,11.03,17.36,0.1
332,2,2025-06-20 11:16:00,2025-06-20 15:46:00,2,405.92,NaN,9.31,67.66,1.28,19.38,23.65,6.89
333,3,2025-06-20 11:16:00,2025-06-20 18:16:00,3,239.47,NaN,28.46,23.19,15.15,27.24,33.61,4.07
334,27,2025-06-20 11:16:00,2025-06-20 12:16:00,3,153.9,NaN,1.24,105.95,1.34,9.22,10.37,3.32
335,30,2025-06-20 11:16:00,2025-06-20 19:16:00,1,98.19,0,4.59,40.29,0.64,3.98,4.66,0.59
336,33,2025-06-20 11:16:00,2025-06-20 11:16:00,2,166.29,NaN,5.9,85.23,4.21,7.93,11.15,1.49
337,44,2025-06-20 11:17:00,2025-06-20 06:17:00,1,156.83,NaN,4.5,54.62,1.94,1.4,1.84,0.88
338,56,2025-06-20 11:17:00,2025-06-20 18:17:00,1,115.73,NaN,0.33,25.92,0.17,6.12,6.79,0.47
339,59,2025-06-20 11:17:00,2025-06-20 12:17:00,2,151.61,NaN,0.37,93.94,0.59,6.11,12.69,0.49
340,65,2025-06-20 11:17:00,2025-06-20 20:17:00,1,116.47,NaN,7.51,32.82,1.04,8.02,10.25,0.19
341,1,2025-06-20 11:22:00,2025-06-20 19:22:00,2,114.9,0,3.54,80.22,9.86,11.03,17.36,0.1
342,2,2025-06-20 11:22:00,2025-06-20 15:52:00,2,405.92,NaN,9.31,67.66,1.28,19.38,23.65,6.89
343,3,2025-06-20 11:22:00,2025-06-20 18:22:00,3,239.47,NaN,28.46,23.19,15.15,27.24,33.61,4.07
344,27,2025-06-20 11:22:00,2025-06-20 12:22:00,3,153.9,NaN,1.24,105.95,1.34,9.22,10.37,3.32
345,30,2025-06-20 11:22:00,2025-06-20 19:22:00,1,98.19,0,4.59,40.29,0.64,3.98,4.66,0.59
346,33,2025-06-20 11:22:00,2025-06-20 11:22:00,2,166.29,NaN,5.9,85.23,4.21,7.93,11.15,1.49
347,44,2025-06-20 11:23:00,2025-06-20 06:23:00,1,156.83,NaN,4.5,54.62,1.94,1.4,1.84,0.88
348,56,2025-06-20 11:23:00,2025-06-20 18:23:00,1,115.73,NaN,0.33,25.92,0.17,6.12,6.79,0.47
349,59,2025-06-20 11:23:00,2025-06-20 12:23:00,2,151.61,NaN,0.37,93.94,0.59,6.11,12.69,0.49
350,65,2025-06-20 11:23:00,2025-06-20 20:23:00,1,116.47,NaN,7.51,32.82,1.04,8.02,10.25,0.19
351,1,2025-06-20 11:27:00,2025-06-20 19:27:00,2,114.9,0,3.54,80.22,9.86,11.03,17.36,0.1
352,2,2025-06-20 11:27:00,2025-06-20 15:57:00,2,405.92,NaN,9.31,67.66,1.28,19.38,23.65,6.89
353,3,2025-06-20 11:27:00,2025-06-20 18:27:00,3,239.47,NaN,28.46,23.19,15.15,27.24,33.61,4.07
354,27,2025-06-20 11:27:00,2025-06-20 12:27:00,3,153.9,NaN,1.24,105.95,1.34,9.22,10.37,3.32
355,30,2025-06-20 11:27:00,2025-06-20 19:27:00,1,98.19,0,4.59,40.29,0.64,3.98,4.66,0.59
356,33,2025-06-20 11:27:00,2025-06-20 11:27:00,2,166.29,NaN,5.9,85.23,4.21,7.93,11.15,1.49
357,44,2025-06-20 11:27:00,2025-06-20 06:27:00,1,156.83,NaN,4.5,54.62,1.94,1.4,1.84,0.88
358,56,2025-06-20 11:28:00,2025-06-20 18:28:00,1,115.73,NaN,0.33,25.92,0.17,6.12,6.79,0.47
359,59,2025-06-20 11:28:00,2025-06-20 12:28:00,2,151.61,NaN,0.37,93.94,0.59,6.11,12.69,0.49
360,65,2025-06-20 11:28:00,2025-06-20 20:28:00,1,116.47,NaN,7.51,32.82,1.04,8.02,10.25,0.19
361,1,2025-06-20 18:39:00,2025-06-21 02:39:00,1,107.35,0,1.53,57.08,7.44,4.99,8.2,NaN
362,2,2025-06-20 18:40:00,2025-06-20 23:10:00,3,508.8,0,13.24,41.65,1.48,29.96,37.94,8.82
363,3,2025-06-20 18:40:00,2025-06-21 01:40:00,3,203.42,0,14.6,27.98,10.81,32.6,36.92,1.56
364,27,2025-06-20 18:40:00,2025-06-20 19:40:00,3,140.92,NaN,1.69,114.34,0.76,8.6,9.58,2.36
365,30,2025-06-20 18:40:00,2025-06-21 02:40:00,2,186.86,0,2.46,54.23,1.44,10.9,11.86,0.86
366,33,2025-06-20 18:40:00,2025-06-20 18:40:00,3,168.51,NaN,6.2,137.07,4.18,12.18,16.31,1.63
367,44,2025-06-20 18:40:00,2025-06-20 13:40:00,3,167.39,NaN,1.36,105.3,1.79,6.35,6.74,0.55
368,56,2025-06-20 18:40:00,2025-06-21 01:40:00,1,108.26,NaN,0.37,9.5,0.11,6.88,7.89,0.83
369,59,2025-06-20 18:40:00,2025-06-20 19:40:00,2,148.71,NaN,0.81,96.25,0.68,6.36,13.6,0.5
370,65,2025-06-20 18:40:00,2025-06-21 03:40:00,2,130.19,NaN,9.91,26.1,1.69,11.59,13.37,0.06
371,1,2025-06-21 09:09:00,2025-06-21 17:09:00,2,108.74,NaN,1.62,62.75,3.62,5.02,8.86,NaN
372,2,2025-06-21 09:09:00,2025-06-21 13:39:00,2,252.36,NaN,1.47,90.5,0.44,14.25,17.41,4.31
373,3,2025-06-21 09:09:00,2025-06-21 16:09:00,1,208.77,NaN,18.34,27.62,17.45,8.31,9.85,1.93
374,27,2025-06-21 09:09:00,2025-06-21 10:09:00,1,127.09,NaN,1.71,55.32,0.51,6.19,7.56,3.31
375,30,2025-06-21 09:09:00,2025-06-21 17:09:00,3,251.49,NaN,18.33,51.25,2.83,32.76,NaN,3.83
376,33,2025-06-21 09:09:00,2025-06-21 09:09:00,1,148.9,NaN,11.67,47.25,4.77,6.88,9.96,0.87
377,44,2025-06-21 09:09:00,2025-06-21 04:09:00,1,189.42,0,6.74,38.79,1.56,6.57,7.67,0.3
378,56,2025-06-21 09:09:00,2025-06-21 16:09:00,1,142.93,NaN,0.23,43.59,0.25,8.74,9.05,0.17
379,59,2025-06-21 09:09:00,2025-06-21 10:09:00,2,145.05,NaN,0.59,83.91,0.68,6.81,13.71,0.11
380,65,2025-06-21 09:09:00,2025-06-21 18:09:00,2,125.13,NaN,11.86,20.96,2.13,16.27,18.67,0.02
381,1,2025-06-21 12:01:00,2025-06-21 20:01:00,1,110.66,0,1.7,54.32,2.32,3.47,6.54,NaN
382,2,2025-06-21 12:02:00,2025-06-21 16:32:00,2,230.68,NaN,2.05,97.6,0.48,13.22,16.71,5.46
383,3,2025-06-21 12:02:00,2025-06-21 19:02:00,2,270.2,NaN,27.8,3.03,11.26,15.05,18.34,2.58
384,27,2025-06-21 12:02:00,2025-06-21 13:02:00,3,124.09,NaN,0.45,103.85,0.68,NaN,6.99,2.07
385,30,2025-06-21 12:02:00,2025-06-21 20:02:00,3,240.66,NaN,19.71,44.29,1.5,29.29,31.02,4.51
386,33,2025-06-21 12:02:00,2025-06-21 12:02:00,2,151.4,NaN,7.78,71.28,4.59,11.17,14.76,0.8
387,44,2025-06-21 12:02:00,2025-06-21 07:02:00,1,198.56,NaN,6.45,33.61,1.94,6.51,7.85,0.4
388,56,2025-06-21 12:02:00,2025-06-21 19:02:00,1,143.65,0,0.45,25.86,0.18,9.35,10.33,0.66
389,59,2025-06-21 12:02:00,2025-06-21 13:02:00,2,141.74,NaN,0.3,87.83,0.63,7.32,14.41,0.03
390,65,2025-06-21 12:02:00,2025-06-21 21:02:00,2,115.62,NaN,9.47,21.62,0.83,10.31,11.74,0.07
391,1,2025-06-21 12:14:00,2025-06-21 20:14:00,1,110.66,0,1.7,54.32,2.32,3.47,6.54,NaN
392,2,2025-06-21 12:14:00,2025-06-21 16:44:00,2,230.68,NaN,2.05,97.6,0.48,13.22,16.71,5.46
393,3,2025-06-21 12:14:00,2025-06-21 19:14:00,2,270.2,NaN,27.8,3.03,11.26,15.05,18.34,2.58
394,27,2025-06-21 12:15:00,2025-06-21 13:15:00,3,124.09,NaN,0.45,103.85,0.68,NaN,6.99,2.07
395,30,2025-06-21 12:15:00,2025-06-21 20:15:00,3,240.66,NaN,19.71,44.29,1.5,29.29,31.02,4.51
396,33,2025-06-21 12:15:00,2025-06-21 12:15:00,2,151.4,NaN,7.78,71.28,4.59,11.17,14.76,0.8
397,44,2025-06-21 12:15:00,2025-06-21 07:15:00,1,198.56,NaN,6.45,33.61,1.94,6.51,7.85,0.4
398,56,2025-06-21 12:15:00,2025-06-21 19:15:00,1,143.65,0,0.45,25.86,0.18,9.35,10.33,0.66
399,59,2025-06-21 12:15:00,2025-06-21 13:15:00,2,141.74,NaN,0.3,87.83,0.63,7.32,14.41,0.03
400,65,2025-06-21 12:15:00,2025-06-21 21:15:00,2,115.62,NaN,9.47,21.62,0.83,10.31,11.74,0.07
401,1,2025-06-21 19:16:00,2025-06-22 03:16:00,2,110.38,0,1.41,60.41,1.83,3.39,6.85,NaN
402,2,2025-06-21 19:16:00,2025-06-21 23:46:00,2,312.68,0,8.3,57.72,1.43,16.25,26.75,19.63
403,3,2025-06-21 19:16:00,2025-06-22 02:16:00,4,690.18,NaN,43.12,NaN,27.13,57.45,63.47,1.42
404,27,2025-06-21 19:16:00,2025-06-21 20:16:00,2,103.75,NaN,2.21,75.02,0.3,4.55,7.92,2.96
405,30,2025-06-21 19:16:00,2025-06-22 03:16:00,3,207.93,NaN,3.55,56.25,0.53,39.21,46.26,5.53
406,33,2025-06-21 19:16:00,2025-06-21 19:16:00,3,145.49,NaN,8.38,112.19,4.22,11.42,15.09,0.84
407,44,2025-06-21 19:16:00,2025-06-21 14:16:00,3,145.19,NaN,0.95,115.87,1.13,5.11,5.41,0.34
408,56,2025-06-21 19:16:00,2025-06-22 02:16:00,1,128.14,0,0.46,23.76,0.13,7.14,8.15,0.33
409,59,2025-06-21 19:17:00,2025-06-21 20:17:00,2,NaN,NaN,0.71,82.57,0.72,8.46,15.48,NaN
410,65,2025-06-21 19:17:00,2025-06-22 04:17:00,1,108.77,0,3.32,38.8,1.04,6.44,7.04,0.32
411,1,2025-06-21 19:22:00,2025-06-22 03:22:00,2,110.38,0,1.41,60.41,1.83,3.39,6.85,NaN
412,2,2025-06-21 19:22:00,2025-06-21 23:52:00,2,312.68,0,8.3,57.72,1.43,16.25,26.75,19.63
413,3,2025-06-21 19:22:00,2025-06-22 02:22:00,4,690.18,NaN,43.12,NaN,27.13,57.45,63.47,1.42
414,27,2025-06-21 19:22:00,2025-06-21 20:22:00,2,103.75,NaN,2.21,75.02,0.3,4.55,7.92,2.96
415,30,2025-06-21 19:22:00,2025-06-22 03:22:00,3,207.93,NaN,3.55,56.25,0.53,39.21,46.26,5.53
416,33,2025-06-21 19:22:00,2025-06-21 19:22:00,3,145.49,NaN,8.38,112.19,4.22,11.42,15.09,0.84
417,44,2025-06-21 19:22:00,2025-06-21 14:22:00,3,145.19,NaN,0.95,115.87,1.13,5.11,5.41,0.34
418,56,2025-06-21 19:22:00,2025-06-22 02:22:00,1,128.14,0,0.46,23.76,0.13,7.14,8.15,0.33
419,59,2025-06-21 19:23:00,2025-06-21 20:23:00,2,NaN,NaN,0.71,82.57,0.72,8.46,15.48,NaN
420,65,2025-06-21 19:23:00,2025-06-22 04:23:00,1,108.77,0,3.32,38.8,1.04,6.44,7.04,0.32
421,1,2025-06-22 10:07:00,2025-06-22 18:07:00,2,108.45,NaN,1.26,71.57,1.62,4.3,12.16,NaN
422,2,2025-06-22 10:07:00,2025-06-22 14:37:00,2,213.29,NaN,5.14,60.07,0.86,8.07,14.04,9.59
423,3,2025-06-22 10:07:00,2025-06-22 17:07:00,3,345.77,NaN,29.83,8.82,15.37,27.42,29.36,1.12
424,27,2025-06-22 10:07:00,2025-06-22 11:07:00,1,122.75,NaN,1.86,59.57,0.28,9.8,17.41,4.51
425,30,2025-06-22 10:07:00,2025-06-22 18:07:00,5,340.88,NaN,11.81,108.4,2.22,103.36,113.36,3.46
426,33,2025-06-22 10:07:00,2025-06-22 10:07:00,2,154.56,NaN,7.31,72.38,5.01,5.12,10.69,0.08
427,44,2025-06-22 10:07:00,2025-06-22 05:07:00,2,142.87,0,2.01,78.77,1.18,6.14,7.48,1.87
428,56,2025-06-22 10:07:00,2025-06-22 17:07:00,1,145.95,NaN,0.18,38.69,0.23,8.89,9.59,0.63
429,59,2025-06-22 10:08:00,2025-06-22 11:08:00,2,136.48,NaN,0.52,78.58,0.88,11.36,18.52,NaN
430,65,2025-06-22 10:08:00,2025-06-22 19:08:00,1,91.17,0,3.13,47.08,0.58,3.07,3.58,0.28
431,1,2025-06-22 10:13:00,2025-06-22 18:13:00,2,108.45,NaN,1.26,71.57,1.62,4.3,12.16,NaN
432,2,2025-06-22 10:13:00,2025-06-22 14:43:00,2,213.29,NaN,5.14,60.07,0.86,8.07,14.04,9.59
433,3,2025-06-22 10:13:00,2025-06-22 17:13:00,3,345.77,NaN,29.83,8.82,15.37,27.42,29.36,1.12
434,27,2025-06-22 10:13:00,2025-06-22 11:13:00,1,122.75,NaN,1.86,59.57,0.28,9.8,17.41,4.51
435,30,2025-06-22 10:13:00,2025-06-22 18:13:00,5,340.88,NaN,11.81,108.4,2.22,103.36,113.36,3.46
436,33,2025-06-22 10:13:00,2025-06-22 10:13:00,2,154.56,NaN,7.31,72.38,5.01,5.12,10.69,0.08
437,44,2025-06-22 10:13:00,2025-06-22 05:13:00,2,142.87,0,2.01,78.77,1.18,6.14,7.48,1.87
438,56,2025-06-22 10:13:00,2025-06-22 17:13:00,1,145.95,NaN,0.18,38.69,0.23,8.89,9.59,0.63
439,59,2025-06-22 10:13:00,2025-06-22 11:13:00,2,136.48,NaN,0.52,78.58,0.88,11.36,18.52,NaN
440,65,2025-06-22 10:13:00,2025-06-22 19:13:00,1,91.17,0,3.13,47.08,0.58,3.07,3.58,0.28
441,1,2025-06-22 10:22:00,2025-06-22 18:22:00,2,108.45,NaN,1.26,71.57,1.62,4.3,12.16,NaN
442,2,2025-06-22 10:22:00,2025-06-22 14:52:00,2,213.29,NaN,5.14,60.07,0.86,8.07,14.04,9.59
443,3,2025-06-22 10:22:00,2025-06-22 17:22:00,3,345.77,NaN,29.83,8.82,15.37,27.42,29.36,1.12
444,27,2025-06-22 10:22:00,2025-06-22 11:22:00,1,122.75,NaN,1.86,59.57,0.28,9.8,17.41,4.51
445,30,2025-06-22 10:22:00,2025-06-22 18:22:00,5,340.88,NaN,11.81,108.4,2.22,103.36,113.36,3.46
446,33,2025-06-22 10:22:00,2025-06-22 10:22:00,2,154.56,NaN,7.31,72.38,5.01,5.12,10.69,0.08
447,44,2025-06-22 10:22:00,2025-06-22 05:22:00,2,142.87,0,2.01,78.77,1.18,6.14,7.48,1.87
448,56,2025-06-22 10:22:00,2025-06-22 17:22:00,1,145.95,NaN,0.18,38.69,0.23,8.89,9.59,0.63
449,59,2025-06-22 10:23:00,2025-06-22 11:23:00,2,136.48,NaN,0.52,78.58,0.88,11.36,18.52,NaN
450,65,2025-06-22 10:23:00,2025-06-22 19:23:00,1,91.17,0,3.13,47.08,0.58,3.07,3.58,0.28
451,1,2025-06-22 11:13:00,2025-06-22 19:13:00,2,108.19,0,1.3,69.75,1.63,4.43,12.36,NaN
452,2,2025-06-22 11:13:00,2025-06-22 15:43:00,1,231.75,NaN,6.86,57.24,1.04,8.36,14.87,11.45
453,3,2025-06-22 11:13:00,2025-06-22 18:13:00,3,364.45,NaN,29.99,5.95,NaN,27.49,29.67,1.29
454,27,2025-06-22 11:13:00,2025-06-22 12:13:00,2,NaN,NaN,1.41,68.78,0.26,9.59,16.83,3.83
455,30,2025-06-22 11:13:00,2025-06-22 19:13:00,5,349.34,NaN,13.64,93.84,1.58,105.58,115.66,4.36
456,33,2025-06-22 11:13:00,2025-06-22 11:13:00,2,158.54,NaN,6.13,77.23,4.84,4.77,10.59,NaN
457,44,2025-06-22 11:13:00,2025-06-22 06:13:00,2,143.76,NaN,2.51,75.65,1.3,5.87,7.19,1.75
458,56,2025-06-22 11:13:00,2025-06-22 18:13:00,1,150.15,NaN,0.25,34.53,0.21,9.52,10.35,0.67
459,59,2025-06-22 11:13:00,2025-06-22 12:13:00,2,135.8,NaN,0.41,81.15,0.87,11.74,18.98,NaN
460,65,2025-06-22 11:13:00,2025-06-22 20:13:00,1,92.06,0,2.88,44.85,0.48,2.99,3.45,0.28
461,1,2025-06-22 11:22:00,2025-06-22 19:22:00,2,108.19,0,1.3,69.75,1.63,4.43,12.36,NaN
462,2,2025-06-22 11:22:00,2025-06-22 15:52:00,1,231.75,NaN,6.86,57.24,1.04,8.36,14.87,11.45
463,3,2025-06-22 11:22:00,2025-06-22 18:22:00,3,364.45,NaN,29.99,5.95,NaN,27.49,29.67,1.29
464,27,2025-06-22 11:22:00,2025-06-22 12:22:00,2,NaN,NaN,1.41,68.78,0.26,9.59,16.83,3.83
465,30,2025-06-22 11:22:00,2025-06-22 19:22:00,5,349.34,NaN,13.64,93.84,1.58,105.58,115.66,4.36
466,33,2025-06-22 11:22:00,2025-06-22 11:22:00,2,158.54,NaN,6.13,77.23,4.84,4.77,10.59,NaN
467,44,2025-06-22 11:22:00,2025-06-22 06:22:00,2,143.76,NaN,2.51,75.65,1.3,5.87,7.19,1.75
468,56,2025-06-22 11:22:00,2025-06-22 18:22:00,1,150.15,NaN,0.25,34.53,0.21,9.52,10.35,0.67
469,59,2025-06-22 11:23:00,2025-06-22 12:23:00,2,135.8,NaN,0.41,81.15,0.87,11.74,18.98,NaN
470,65,2025-06-22 11:23:00,2025-06-22 20:23:00,1,92.06,0,2.88,44.85,0.48,2.99,3.45,0.28
471,1,2025-06-22 11:27:00,2025-06-22 19:27:00,2,108.19,0,1.3,69.75,1.63,4.43,12.36,NaN
472,2,2025-06-22 11:27:00,2025-06-22 15:57:00,1,231.75,NaN,6.86,57.24,1.04,8.36,14.87,11.45
473,3,2025-06-22 11:27:00,2025-06-22 18:27:00,3,364.45,NaN,29.99,5.95,NaN,27.49,29.67,1.29
474,27,2025-06-22 11:27:00,2025-06-22 12:27:00,2,NaN,NaN,1.41,68.78,0.26,9.59,16.83,3.83
475,30,2025-06-22 11:27:00,2025-06-22 19:27:00,5,349.34,NaN,13.64,93.84,1.58,105.58,115.66,4.36
476,33,2025-06-22 11:27:00,2025-06-22 11:27:00,2,158.54,NaN,6.13,77.23,4.84,4.77,10.59,NaN
477,44,2025-06-22 11:28:00,2025-06-22 06:28:00,2,143.76,NaN,2.51,75.65,1.3,5.87,7.19,1.75
478,56,2025-06-22 11:28:00,2025-06-22 18:28:00,1,150.15,NaN,0.25,34.53,0.21,9.52,10.35,0.67
479,59,2025-06-22 11:28:00,2025-06-22 12:28:00,2,135.8,NaN,0.41,81.15,0.87,11.74,18.98,NaN
480,65,2025-06-22 11:28:00,2025-06-22 20:28:00,1,92.06,0,2.88,44.85,0.48,2.99,3.45,0.28
481,1,2025-06-22 12:13:00,2025-06-22 20:13:00,2,108.2,0,1.33,68.23,1.62,4.55,12.47,NaN
482,2,2025-06-22 12:13:00,2025-06-22 16:43:00,1,253.29,NaN,8.92,53.86,1.23,8.57,15.54,13.14
483,3,2025-06-22 12:13:00,2025-06-22 19:13:00,3,399.34,NaN,29.18,4.59,14.81,27.73,30.14,1.39
484,27,2025-06-22 12:13:00,2025-06-22 13:13:00,2,125.83,NaN,1.17,72.93,0.23,9.25,15.57,3.45
485,30,2025-06-22 12:13:00,2025-06-22 20:13:00,5,353.43,0,12.56,84.92,1.17,108.1,118.11,4.45
486,33,2025-06-22 12:13:00,2025-06-22 12:13:00,2,162.32,NaN,4.98,84.28,4.7,5.2,11.84,NaN
487,44,2025-06-22 12:13:00,2025-06-22 07:13:00,2,145.01,NaN,2.88,73.4,1.44,5.63,6.89,1.6
488,56,2025-06-22 12:13:00,2025-06-22 19:13:00,2,153.77,0,0.31,29.69,0.2,10.12,11.04,0.58
489,59,2025-06-22 12:13:00,2025-06-22 13:13:00,2,135.03,NaN,0.36,82.79,0.87,12.11,19.41,NaN
490,65,2025-06-22 12:13:00,2025-06-22 21:13:00,1,93.6,0,2.71,42.68,0.4,2.99,3.41,0.28
491,1,2025-06-23 06:54:00,2025-06-23 14:54:00,2,111.66,NaN,1.6,66.82,2.09,4.22,9.68,0.02
492,2,2025-06-23 06:54:00,2025-06-23 11:24:00,2,310.45,NaN,5.54,68.54,1.21,9.03,14.5,8.09
493,3,2025-06-23 06:54:00,2025-06-23 13:54:00,4,1236.7,NaN,73.36,11.87,39.29,67.51,72.65,NaN
494,27,2025-06-23 06:54:00,2025-06-23 07:54:00,1,139.06,NaN,1.25,57.8,0.3,2.62,5.26,2.66
495,30,2025-06-23 06:54:00,2025-06-23 14:54:00,4,262.68,NaN,15.37,146.03,7.44,73.1,76.82,4.97
496,33,2025-06-23 06:54:00,2025-06-23 06:54:00,2,128.8,NaN,3.02,62.03,1.93,1.57,3.35,0.38
497,44,2025-06-23 06:54:00,2025-06-23 01:54:00,2,149.35,0,5.88,53.82,2.18,10.74,12.14,1.35
498,56,2025-06-23 06:54:00,2025-06-23 13:54:00,1,163.19,NaN,0.16,47.75,0.25,8.5,8.84,0.17
499,59,2025-06-23 06:54:00,2025-06-23 07:54:00,2,137.21,NaN,1.03,80.88,0.83,8.36,14.88,0.25
500,65,2025-06-23 06:54:00,2025-06-23 15:54:00,1,95.69,NaN,6.49,51.79,2.85,3.35,5.92,0.43
501,1,2025-06-23 07:13:00,2025-06-23 15:13:00,2,111.66,NaN,1.6,66.82,2.09,4.22,9.68,0.02
502,2,2025-06-23 07:13:00,2025-06-23 11:43:00,2,310.45,NaN,5.54,68.54,1.21,9.03,14.5,8.09
503,3,2025-06-23 07:13:00,2025-06-23 14:13:00,4,1236.7,NaN,73.36,11.87,39.29,67.51,72.65,NaN
504,27,2025-06-23 07:13:00,2025-06-23 08:13:00,1,139.06,NaN,1.25,57.8,0.3,2.62,5.26,2.66
505,30,2025-06-23 07:13:00,2025-06-23 15:13:00,4,262.68,NaN,15.37,146.03,7.44,73.1,76.82,4.97
506,33,2025-06-23 07:13:00,2025-06-23 07:13:00,2,128.8,NaN,3.02,62.03,1.93,1.57,3.35,0.38
507,44,2025-06-23 07:13:00,2025-06-23 02:13:00,2,149.35,0,5.88,53.82,2.18,10.74,12.14,1.35
508,56,2025-06-23 07:13:00,2025-06-23 14:13:00,1,163.19,NaN,0.16,47.75,0.25,8.5,8.84,0.17
509,59,2025-06-23 07:13:00,2025-06-23 08:13:00,2,137.21,NaN,1.03,80.88,0.83,8.36,14.88,0.25
510,65,2025-06-23 07:13:00,2025-06-23 16:13:00,1,95.69,NaN,6.49,51.79,2.85,3.35,5.92,0.43
511,1,2025-06-23 07:22:00,2025-06-23 15:22:00,2,111.66,NaN,1.6,66.82,2.09,4.22,9.68,0.02
512,2,2025-06-23 07:22:00,2025-06-23 11:52:00,2,310.45,NaN,5.54,68.54,1.21,9.03,14.5,8.09
513,3,2025-06-23 07:22:00,2025-06-23 14:22:00,4,1236.7,NaN,73.36,11.87,39.29,67.51,72.65,NaN
514,27,2025-06-23 07:22:00,2025-06-23 08:22:00,1,139.06,NaN,1.25,57.8,0.3,2.62,5.26,2.66
515,30,2025-06-23 07:22:00,2025-06-23 15:22:00,4,262.68,NaN,15.37,146.03,7.44,73.1,76.82,4.97
516,33,2025-06-23 07:22:00,2025-06-23 07:22:00,2,128.8,NaN,3.02,62.03,1.93,1.57,3.35,0.38
517,44,2025-06-23 07:22:00,2025-06-23 02:22:00,2,149.35,0,5.88,53.82,2.18,10.74,12.14,1.35
518,56,2025-06-23 07:22:00,2025-06-23 14:22:00,1,163.19,NaN,0.16,47.75,0.25,8.5,8.84,0.17
519,59,2025-06-23 07:22:00,2025-06-23 08:22:00,2,137.21,NaN,1.03,80.88,0.83,8.36,14.88,0.25
520,65,2025-06-23 07:23:00,2025-06-23 16:23:00,1,95.69,NaN,6.49,51.79,2.85,3.35,5.92,0.43
521,1,2025-06-23 07:53:00,2025-06-23 15:53:00,2,112.02,NaN,1.9,66.03,2.21,4.19,9.86,0.02
522,2,2025-06-23 07:54:00,2025-06-23 12:24:00,2,306.59,NaN,3.84,82.38,1.01,9.19,13.23,6.82
523,3,2025-06-23 07:54:00,2025-06-23 14:54:00,4,1217.04,NaN,81.43,7.03,42.42,69.03,74.55,NaN
524,27,2025-06-23 07:54:00,2025-06-23 08:54:00,2,137.47,NaN,1.04,61.4,0.28,2.57,5.06,2.51
525,30,2025-06-23 07:54:00,2025-06-23 15:54:00,4,260.08,NaN,17.27,139.37,7.16,68.43,71.93,5.09
526,33,2025-06-23 07:54:00,2025-06-23 07:54:00,2,127.21,NaN,2.88,61.24,2.1,1.25,2.97,0.51
527,44,2025-06-23 07:54:00,2025-06-23 02:54:00,2,149.35,0,6.16,47.7,2.2,11.45,12.92,1.04
528,56,2025-06-23 07:54:00,2025-06-23 14:54:00,1,163.97,NaN,0.17,46.01,0.27,9.17,9.54,0.22
529,59,2025-06-23 07:54:00,2025-06-23 08:54:00,2,136.35,NaN,0.86,82.8,0.8,8.13,14.55,0.27
530,65,2025-06-23 07:54:00,2025-06-23 16:54:00,1,103.05,0,7.9,44.67,2.46,3.88,6.52,0.4
531,1,2025-06-23 08:13:00,2025-06-23 16:13:00,2,112.02,NaN,1.9,66.03,2.21,4.19,9.86,0.02
532,2,2025-06-23 08:13:00,2025-06-23 12:43:00,2,306.59,NaN,3.84,82.38,1.01,9.19,13.23,6.82
533,3,2025-06-23 08:13:00,2025-06-23 15:13:00,4,1217.04,NaN,81.43,7.03,42.42,69.03,74.55,NaN
534,27,2025-06-23 08:13:00,2025-06-23 09:13:00,2,137.47,NaN,1.04,61.4,0.28,2.57,5.06,2.51
535,30,2025-06-23 08:13:00,2025-06-23 16:13:00,4,260.08,NaN,17.27,139.37,7.16,68.43,71.93,5.09
536,33,2025-06-23 08:13:00,2025-06-23 08:13:00,2,127.21,NaN,2.88,61.24,2.1,1.25,2.97,0.51
537,44,2025-06-23 08:13:00,2025-06-23 03:13:00,2,149.35,0,6.16,47.7,2.2,11.45,12.92,1.04
538,56,2025-06-23 08:13:00,2025-06-23 15:13:00,1,163.97,NaN,0.17,46.01,0.27,9.17,9.54,0.22
539,59,2025-06-23 08:13:00,2025-06-23 09:13:00,2,136.35,NaN,0.86,82.8,0.8,8.13,14.55,0.27
540,65,2025-06-23 08:13:00,2025-06-23 17:13:00,1,103.05,0,7.9,44.67,2.46,3.88,6.52,0.4
541,1,2025-06-23 09:45:00,2025-06-23 17:45:00,2,110.74,NaN,2.37,60.66,2.52,NaN,9.79,0.02
542,2,2025-06-23 09:46:00,2025-06-23 14:16:00,3,338.77,NaN,3.41,100.16,1.3,14.47,18.1,7.38
543,3,2025-06-23 09:46:00,2025-06-23 16:46:00,5,1214.18,NaN,94.33,0.18,51.83,77.24,83.82,NaN
544,27,2025-06-23 09:46:00,2025-06-23 10:46:00,2,131.45,NaN,0.59,72.28,0.21,NaN,3.91,1.85
545,30,2025-06-23 09:46:00,2025-06-23 17:46:00,4,266.65,NaN,26.38,112.66,6.12,61.29,64.63,6.98
546,33,2025-06-23 09:46:00,2025-06-23 09:46:00,2,123.72,NaN,2.46,67.68,2.4,1.39,3.76,0.62
547,44,2025-06-23 09:46:00,2025-06-23 04:46:00,2,148.91,0,7.24,37.18,2.18,12.03,13.52,0.58
548,56,2025-06-23 09:46:00,2025-06-23 16:46:00,1,164.06,NaN,0.25,37.14,0.25,9.93,10.54,0.4
549,59,2025-06-23 09:46:00,2025-06-23 10:46:00,2,134.57,NaN,0.52,88.84,0.74,7.79,14.04,0.28
550,65,2025-06-23 09:46:00,2025-06-23 18:46:00,1,111.25,0,8.69,33.56,1.67,4.22,6.67,0.16
551,1,2025-06-23 15:51:00,2025-06-23 23:51:00,1,99.54,0,3.16,40.56,2.7,3.29,6.58,0.09
552,2,2025-06-23 15:51:00,2025-06-23 20:21:00,3,509.56,0,11.78,91.5,3.16,36.03,47.17,21.91
553,3,2025-06-23 15:51:00,2025-06-23 22:51:00,5,1195.91,NaN,75.14,NaN,33.53,84.81,88.82,0.29
554,27,2025-06-23 15:51:00,2025-06-23 16:51:00,2,118.85,NaN,0.52,78.02,0.22,1.56,2.8,1.49
555,30,2025-06-23 15:51:00,2025-06-23 23:51:00,4,340.34,NaN,45.87,37.75,2.14,71.38,75.65,6.71
556,33,2025-06-23 15:51:00,2025-06-23 15:51:00,2,130.24,NaN,2.63,85.28,2.99,2.75,8.52,0.25
557,44,2025-06-23 15:51:00,2025-06-23 10:51:00,2,137.65,NaN,4.46,93.54,2.25,10.84,NaN,0.42
558,56,2025-06-23 15:51:00,2025-06-23 22:51:00,2,172.14,0,0.59,22.8,0.19,10.48,11.67,0.38
559,59,2025-06-23 15:51:00,2025-06-23 16:51:00,2,127.48,NaN,0.41,93.98,0.63,NaN,13.53,0.36
560,65,2025-06-23 15:51:00,2025-06-24 00:51:00,1,89.92,0,6.29,43.17,2.7,3.04,4.64,0.1
561,1,2025-06-23 16:13:00,2025-06-24 00:13:00,1,99.54,0,3.16,40.56,2.7,3.29,6.58,0.09
562,2,2025-06-23 16:13:00,2025-06-23 20:43:00,3,509.56,0,11.78,91.5,3.16,36.03,47.17,21.91
563,3,2025-06-23 16:13:00,2025-06-23 23:13:00,5,1195.91,NaN,75.14,NaN,33.53,84.81,88.82,0.29
564,27,2025-06-23 16:13:00,2025-06-23 17:13:00,2,118.85,NaN,0.52,78.02,0.22,1.56,2.8,1.49
565,30,2025-06-23 16:13:00,2025-06-24 00:13:00,4,340.34,NaN,45.87,37.75,2.14,71.38,75.65,6.71
566,33,2025-06-23 16:13:00,2025-06-23 16:13:00,2,130.24,NaN,2.63,85.28,2.99,2.75,8.52,0.25
567,44,2025-06-23 16:13:00,2025-06-23 11:13:00,2,137.65,NaN,4.46,93.54,2.25,10.84,NaN,0.42
568,56,2025-06-23 16:13:00,2025-06-23 23:13:00,2,172.14,0,0.59,22.8,0.19,10.48,11.67,0.38
569,59,2025-06-23 16:13:00,2025-06-23 17:13:00,2,127.48,NaN,0.41,93.98,0.63,NaN,13.53,0.36
570,65,2025-06-23 16:13:00,2025-06-24 01:13:00,1,89.92,0,6.29,43.17,2.7,3.04,4.64,0.1
571,65,2025-06-23 16:15:00,2025-06-24 01:15:00,1,89.92,0,6.29,43.17,2.7,3.04,4.64,0.1
572,1,2025-06-23 16:22:00,2025-06-24 00:22:00,1,99.54,0,3.16,40.56,2.7,3.29,6.58,0.09
573,2,2025-06-23 16:22:00,2025-06-23 20:52:00,3,509.56,0,11.78,91.5,3.16,36.03,47.17,21.91
574,3,2025-06-23 16:22:00,2025-06-23 23:22:00,5,1195.91,NaN,75.14,NaN,33.53,84.81,88.82,0.29
575,27,2025-06-23 16:22:00,2025-06-23 17:22:00,2,118.85,NaN,0.52,78.02,0.22,1.56,2.8,1.49
576,30,2025-06-23 16:22:00,2025-06-24 00:22:00,4,340.34,NaN,45.87,37.75,2.14,71.38,75.65,6.71
577,33,2025-06-23 16:22:00,2025-06-23 16:22:00,2,130.24,NaN,2.63,85.28,2.99,2.75,8.52,0.25
578,44,2025-06-23 16:22:00,2025-06-23 11:22:00,2,137.65,NaN,4.46,93.54,2.25,10.84,NaN,0.42
579,56,2025-06-23 16:23:00,2025-06-23 23:23:00,2,172.14,0,0.59,22.8,0.19,10.48,11.67,0.38
580,59,2025-06-23 16:23:00,2025-06-23 17:23:00,2,127.48,NaN,0.41,93.98,0.63,NaN,13.53,0.36
581,1,2025-06-23 16:27:00,2025-06-24 00:27:00,1,99.54,0,3.16,40.56,2.7,3.29,6.58,0.09
582,2,2025-06-23 16:27:00,2025-06-23 20:57:00,3,509.56,0,11.78,91.5,3.16,36.03,47.17,21.91
583,3,2025-06-23 16:27:00,2025-06-23 23:27:00,5,1195.91,NaN,75.14,NaN,33.53,84.81,88.82,0.29
584,27,2025-06-23 16:27:00,2025-06-23 17:27:00,2,118.85,NaN,0.52,78.02,0.22,1.56,2.8,1.49
585,30,2025-06-23 16:27:00,2025-06-24 00:27:00,4,340.34,NaN,45.87,37.75,2.14,71.38,75.65,6.71
586,33,2025-06-23 16:27:00,2025-06-23 16:27:00,2,130.24,NaN,2.63,85.28,2.99,2.75,8.52,0.25
587,44,2025-06-23 16:28:00,2025-06-23 11:28:00,2,137.65,NaN,4.46,93.54,2.25,10.84,NaN,0.42
588,56,2025-06-23 16:28:00,2025-06-23 23:28:00,2,172.14,0,0.59,22.8,0.19,10.48,11.67,0.38
589,59,2025-06-23 16:28:00,2025-06-23 17:28:00,2,127.48,NaN,0.41,93.98,0.63,NaN,13.53,0.36
590,65,2025-06-23 16:28:00,2025-06-24 01:28:00,1,89.92,0,6.29,43.17,2.7,3.04,4.64,0.1
591,1,2025-06-23 16:54:00,2025-06-24 00:54:00,1,98.15,0,3.21,38.36,2.71,3.23,6.21,0.09
592,2,2025-06-23 16:54:00,2025-06-23 21:24:00,3,530.03,0,12.29,79.83,3.08,35.2,47.76,23.33
593,3,2025-06-23 16:54:00,2025-06-23 23:54:00,5,1190.52,NaN,70.92,NaN,28.69,85.44,88.84,0.54
594,27,2025-06-23 16:54:00,2025-06-23 17:54:00,2,117.91,NaN,0.6,77.01,0.21,1.58,2.64,1.57
595,30,2025-06-23 16:54:00,2025-06-24 00:54:00,4,355.35,NaN,46.14,28.68,1.75,73.25,77.69,6.77
596,33,2025-06-23 16:54:00,2025-06-23 16:54:00,2,131.04,NaN,3.14,85.19,3.15,2.83,8.68,0.22
597,44,2025-06-23 16:54:00,2025-06-23 11:54:00,2,NaN,NaN,3.2,98.61,1.71,9.64,10.79,0.34
598,56,2025-06-23 16:54:00,2025-06-23 23:54:00,2,176.14,0,0.58,22.53,0.18,10.7,11.77,0.34
599,59,2025-06-23 16:54:00,2025-06-23 17:54:00,2,127.54,NaN,0.47,93.05,0.62,6.87,13.22,0.38
600,65,2025-06-23 16:54:00,2025-06-24 01:54:00,1,87.92,0,NaN,43.29,2.19,2.83,4.26,0.1
601,1,2025-06-24 08:08:00,2025-06-24 16:08:00,1,105.03,NaN,5.36,44.24,5.92,8.21,13.52,0.44
602,2,2025-06-24 08:17:00,2025-06-24 12:47:00,3,280.13,NaN,1.27,111.75,0.97,28.56,39.24,10.62
603,3,2025-06-24 08:17:00,2025-06-24 15:17:00,5,1373.1,NaN,77.07,4.43,31.58,85.72,90.75,NaN
604,27,2025-06-24 08:17:00,2025-06-24 09:17:00,1,116.58,NaN,2.32,40.47,0.4,2.76,7.7,NaN
605,30,2025-06-24 08:17:00,2025-06-24 16:17:00,3,244.71,NaN,20.38,91.15,2.86,27.26,27.82,2.26
606,33,2025-06-24 08:17:00,2025-06-24 08:17:00,2,126.46,NaN,5.22,71.55,3.76,3.3,10.84,NaN
607,44,2025-06-24 08:17:00,2025-06-24 03:17:00,2,176.34,0,8.07,37.6,1.57,14.98,17.47,0.86
608,56,2025-06-24 08:17:00,2025-06-24 15:17:00,1,193.38,NaN,0.28,42.37,0.3,6.38,6.78,0.21
609,59,2025-06-24 08:18:00,2025-06-24 09:18:00,2,134.14,NaN,0.95,79.14,0.79,7.64,14.4,0.41
610,65,2025-06-24 08:18:00,2025-06-24 17:18:00,2,71.43,0,0.59,63.07,0.38,4.16,17.64,0.13
611,1,2025-06-24 08:22:00,2025-06-24 16:22:00,1,105.03,NaN,5.36,44.24,5.92,8.21,13.52,0.44
612,2,2025-06-24 08:22:00,2025-06-24 12:52:00,3,280.13,NaN,1.27,111.75,0.97,28.56,39.24,10.62
613,3,2025-06-24 08:22:00,2025-06-24 15:22:00,5,1373.1,NaN,77.07,4.43,31.58,85.72,90.75,NaN
614,27,2025-06-24 08:22:00,2025-06-24 09:22:00,1,116.58,NaN,2.32,40.47,0.4,2.76,7.7,NaN
615,30,2025-06-24 08:22:00,2025-06-24 16:22:00,3,244.71,NaN,20.38,91.15,2.86,27.26,27.82,2.26
616,33,2025-06-24 08:22:00,2025-06-24 08:22:00,2,126.46,NaN,5.22,71.55,3.76,3.3,10.84,NaN
617,44,2025-06-24 08:22:00,2025-06-24 03:22:00,2,176.34,0,8.07,37.6,1.57,14.98,17.47,0.86
618,56,2025-06-24 08:23:00,2025-06-24 15:23:00,1,193.38,NaN,0.28,42.37,0.3,6.38,6.78,0.21
619,59,2025-06-24 08:23:00,2025-06-24 09:23:00,2,134.14,NaN,0.95,79.14,0.79,7.64,14.4,0.41
620,65,2025-06-24 08:23:00,2025-06-24 17:23:00,2,71.43,0,0.59,63.07,0.38,4.16,17.64,0.13
621,1,2025-06-24 08:54:00,2025-06-24 16:54:00,1,104.68,NaN,6.2,39.85,5.83,7.65,12.29,0.49
622,2,2025-06-24 08:54:00,2025-06-24 13:24:00,3,291.82,NaN,1.47,115.38,NaN,29.25,39.31,10.59
623,3,2025-06-24 08:54:00,2025-06-24 15:54:00,5,1319.8,NaN,79.49,1.22,33.6,86.86,91.77,NaN
624,27,2025-06-24 08:54:00,2025-06-24 09:54:00,1,115.36,NaN,1.84,47.54,0.42,3.21,8.52,2.92
625,30,2025-06-24 08:54:00,2025-06-24 16:54:00,2,250.25,NaN,24.05,81.77,2.66,24.5,24.96,1.95
626,33,2025-06-24 08:54:00,2025-06-24 08:54:00,2,126.21,NaN,4.61,75.29,3.89,3.65,11.72,NaN
627,44,2025-06-24 08:54:00,2025-06-24 03:54:00,2,174.29,0,8.62,32.57,1.78,13.58,15.88,0.83
628,56,2025-06-24 08:54:00,2025-06-24 15:54:00,1,187.45,NaN,0.27,42.1,0.3,6.34,6.72,0.24
629,59,2025-06-24 08:54:00,2025-06-24 09:54:00,2,133.44,NaN,0.71,82.58,0.74,7.58,14.04,0.44
630,65,2025-06-24 08:54:00,2025-06-24 17:54:00,2,NaN,0,0.66,62.64,0.46,5.43,23.99,0.16
631,1,2025-06-24 09:13:00,2025-06-24 17:13:00,1,104.68,NaN,6.2,39.85,5.83,7.65,12.29,0.49
632,2,2025-06-24 09:13:00,2025-06-24 13:43:00,3,291.82,NaN,1.47,115.38,NaN,29.25,39.31,10.59
633,3,2025-06-24 09:13:00,2025-06-24 16:13:00,5,1319.8,NaN,79.49,1.22,33.6,86.86,91.77,NaN
634,27,2025-06-24 09:13:00,2025-06-24 10:13:00,1,115.36,NaN,1.84,47.54,0.42,3.21,8.52,2.92
635,30,2025-06-24 09:13:00,2025-06-24 17:13:00,2,250.25,NaN,24.05,81.77,2.66,24.5,24.96,1.95
636,33,2025-06-24 09:13:00,2025-06-24 09:13:00,2,126.21,NaN,4.61,75.29,3.89,3.65,11.72,NaN
637,44,2025-06-24 09:13:00,2025-06-24 04:13:00,2,174.29,0,8.62,32.57,1.78,13.58,15.88,0.83
638,56,2025-06-24 09:13:00,2025-06-24 16:13:00,1,187.45,NaN,0.27,42.1,0.3,6.34,6.72,0.24
639,59,2025-06-24 09:13:00,2025-06-24 10:13:00,2,133.44,NaN,0.71,82.58,0.74,7.58,14.04,0.44
640,65,2025-06-24 09:13:00,2025-06-24 18:13:00,2,NaN,0,0.66,62.64,0.46,5.43,23.99,0.16
641,1,2025-06-24 09:22:00,2025-06-24 17:22:00,1,104.68,NaN,6.2,39.85,5.83,7.65,12.29,0.49
642,2,2025-06-24 09:22:00,2025-06-24 13:52:00,3,291.82,NaN,1.47,115.38,NaN,29.25,39.31,10.59
643,3,2025-06-24 09:22:00,2025-06-24 16:22:00,5,1319.8,NaN,79.49,1.22,33.6,86.86,91.77,NaN
644,27,2025-06-24 09:22:00,2025-06-24 10:22:00,1,115.36,NaN,1.84,47.54,0.42,3.21,8.52,2.92
645,30,2025-06-24 09:22:00,2025-06-24 17:22:00,2,250.25,NaN,24.05,81.77,2.66,24.5,24.96,1.95
646,33,2025-06-24 09:22:00,2025-06-24 09:22:00,2,126.21,NaN,4.61,75.29,3.89,3.65,11.72,NaN
647,44,2025-06-24 09:22:00,2025-06-24 04:22:00,2,174.29,0,8.62,32.57,1.78,13.58,15.88,0.83
648,56,2025-06-24 09:23:00,2025-06-24 16:23:00,1,187.45,NaN,0.27,42.1,0.3,6.34,6.72,0.24
649,59,2025-06-24 09:23:00,2025-06-24 10:23:00,2,133.44,NaN,0.71,82.58,0.74,7.58,14.04,0.44
650,65,2025-06-24 09:23:00,2025-06-24 18:23:00,2,NaN,0,0.66,62.64,0.46,5.43,23.99,0.16
651,1,2025-06-24 11:04:00,2025-06-24 19:04:00,1,100.4,0,5.72,33.73,6.21,6.74,10.71,0.52
652,2,2025-06-24 11:04:00,2025-06-24 15:34:00,3,410.94,NaN,9.37,108.03,1.82,36.27,48.24,19.97
653,3,2025-06-24 11:04:00,2025-06-24 18:04:00,5,1323.44,NaN,80.02,NaN,49.47,101.22,107.49,NaN
654,27,2025-06-24 11:04:00,2025-06-24 12:04:00,2,115.78,NaN,0.46,78.59,0.41,3.25,7.83,1.76
655,30,2025-06-24 11:04:00,2025-06-24 19:04:00,2,246.85,NaN,26.08,62.8,2.53,18.73,19.12,1.81
656,33,2025-06-24 11:04:00,2025-06-24 11:04:00,2,125.41,NaN,3.63,86.74,4.16,4.94,15.48,NaN
657,44,2025-06-24 11:04:00,2025-06-24 06:04:00,2,170.29,NaN,9.76,27.23,2.21,11.64,13.67,0.82
658,56,2025-06-24 11:04:00,2025-06-24 18:04:00,1,175.49,NaN,0.43,30.03,0.25,6.55,7.26,0.53
659,59,2025-06-24 11:04:00,2025-06-24 12:04:00,2,131.37,NaN,0.45,87.54,0.68,7.56,13.71,0.47
660,65,2025-06-24 11:04:00,2025-06-24 20:04:00,2,72.16,0,0.61,60.16,0.49,8.8,37.42,0.19
661,1,2025-06-24 11:12:00,2025-06-24 19:12:00,1,100.4,0,5.72,33.73,6.21,6.74,10.71,0.52
662,2,2025-06-24 11:13:00,2025-06-24 15:43:00,3,410.94,NaN,9.37,108.03,1.82,36.27,48.24,19.97
663,3,2025-06-24 11:13:00,2025-06-24 18:13:00,5,1323.44,NaN,80.02,NaN,49.47,101.22,107.49,NaN
664,27,2025-06-24 11:13:00,2025-06-24 12:13:00,2,115.78,NaN,0.46,78.59,0.41,3.25,7.83,1.76
665,30,2025-06-24 11:13:00,2025-06-24 19:13:00,2,246.85,NaN,26.08,62.8,2.53,18.73,19.12,1.81
666,33,2025-06-24 11:13:00,2025-06-24 11:13:00,2,125.41,NaN,3.63,86.74,4.16,4.94,15.48,NaN
667,44,2025-06-24 11:13:00,2025-06-24 06:13:00,2,170.29,NaN,9.76,27.23,2.21,11.64,13.67,0.82
668,56,2025-06-24 11:13:00,2025-06-24 18:13:00,1,175.49,NaN,0.43,30.03,0.25,6.55,7.26,0.53
669,59,2025-06-24 11:13:00,2025-06-24 12:13:00,2,131.37,NaN,0.45,87.54,0.68,7.56,13.71,0.47
670,65,2025-06-24 11:13:00,2025-06-24 20:13:00,2,72.16,0,0.61,60.16,0.49,8.8,37.42,0.19
671,1,2025-06-24 11:22:00,2025-06-24 19:22:00,1,100.4,0,5.72,33.73,6.21,6.74,10.71,0.52
672,2,2025-06-24 11:22:00,2025-06-24 15:52:00,3,410.94,NaN,9.37,108.03,1.82,36.27,48.24,19.97
673,3,2025-06-24 11:22:00,2025-06-24 18:22:00,5,1323.44,NaN,80.02,NaN,49.47,101.22,107.49,NaN
674,27,2025-06-24 11:22:00,2025-06-24 12:22:00,2,115.78,NaN,0.46,78.59,0.41,3.25,7.83,1.76
675,30,2025-06-24 11:22:00,2025-06-24 19:22:00,2,246.85,NaN,26.08,62.8,2.53,18.73,19.12,1.81
676,33,2025-06-24 11:22:00,2025-06-24 11:22:00,2,125.41,NaN,3.63,86.74,4.16,4.94,15.48,NaN
677,44,2025-06-24 11:22:00,2025-06-24 06:22:00,2,170.29,NaN,9.76,27.23,2.21,11.64,13.67,0.82
678,56,2025-06-24 11:22:00,2025-06-24 18:22:00,1,175.49,NaN,0.43,30.03,0.25,6.55,7.26,0.53
679,59,2025-06-24 11:23:00,2025-06-24 12:23:00,2,131.37,NaN,0.45,87.54,0.68,7.56,13.71,0.47
680,65,2025-06-24 11:23:00,2025-06-24 20:23:00,2,72.16,0,0.61,60.16,0.49,8.8,37.42,0.19
681,1,2025-06-24 20:21:00,2025-06-25 04:21:00,2,128.02,NaN,16.36,13.4,7.52,10.87,14.01,0.67
682,2,2025-06-24 20:21:00,2025-06-25 00:51:00,3,515.28,0,7.99,80.78,2.47,45.66,58.22,21.76
683,3,2025-06-24 20:21:00,2025-06-25 03:21:00,5,957.39,NaN,37.56,0.01,11.4,104.15,114.14,2.93
684,27,2025-06-24 20:21:00,2025-06-24 21:21:00,2,116.25,NaN,3.14,63.23,0.25,3.36,6.19,4.35
685,30,2025-06-24 20:21:00,2025-06-25 04:21:00,2,222.85,NaN,11.2,32.64,1.1,13.48,14.99,3.04
686,33,2025-06-24 20:21:00,2025-06-24 20:21:00,2,119.92,NaN,7.95,88.3,4.67,5.1,14.15,NaN
687,44,2025-06-24 20:21:00,2025-06-24 15:21:00,3,117.36,NaN,1.34,127.2,1.62,11.4,12.71,0.28
688,56,2025-06-24 20:21:00,2025-06-25 03:21:00,1,140.26,0,0.76,18.2,0.29,2.91,3.8,0.28
689,59,2025-06-24 20:22:00,2025-06-24 21:22:00,2,125.29,0,0.94,95.05,0.63,6.94,12.19,0.57
690,65,2025-06-24 20:22:00,2025-06-25 05:22:00,1,74.24,0,0.3,54.5,0.1,4.79,11.37,0.12
691,1,2025-06-25 11:57:00,2025-06-25 19:57:00,1,113.54,NaN,11.65,20.61,4.7,6.57,10.07,0.34
692,2,2025-06-25 11:57:00,2025-06-25 16:27:00,3,545.18,NaN,7.47,108.64,1.89,28.54,31.67,7.48
693,3,2025-06-25 11:57:00,2025-06-25 18:57:00,3,493.04,NaN,51.92,4.58,21.65,46.29,50.4,1.07
694,27,2025-06-25 11:57:00,2025-06-25 12:57:00,2,111.97,NaN,0.97,85.6,0.3,5.56,8.81,2.92
695,30,2025-06-25 11:57:00,2025-06-25 19:57:00,2,216.91,0,11.32,64.26,1.64,18.76,20.73,1.44
696,33,2025-06-25 11:57:00,2025-06-25 11:57:00,2,132.41,NaN,23.56,32.57,15.33,11.73,17.19,0.09
697,59,2025-06-25 11:57:00,2025-06-25 12:57:00,2,121.8,NaN,0.41,97.57,0.82,7.99,15.02,0.27
698,44,2025-06-25 11:58:00,2025-06-25 06:58:00,1,180.78,NaN,11.35,28.73,3.12,7.91,10.01,1.02
699,56,2025-06-25 11:58:00,2025-06-25 18:58:00,1,103.31,0,0.54,31.12,0.4,5.4,7.26,0.47
700,65,2025-06-25 11:58:00,2025-06-25 20:58:00,1,76.21,0,0.78,51.75,0.1,0.5,0.5,0.05
701,1,2025-06-25 18:45:00,2025-06-26 02:45:00,2,167.81,NaN,29.52,4.7,5.15,12.37,15.46,0.26
702,2,2025-06-25 18:45:00,2025-06-25 23:15:00,3,728.2,0,8.87,74.45,3.3,35.62,43.23,14.78
703,3,2025-06-25 18:45:00,2025-06-26 01:45:00,3,447.96,NaN,12.84,0.6,4.72,42.11,45.81,4.52
704,27,2025-06-25 18:45:00,2025-06-25 19:45:00,2,104.02,NaN,3.19,65.28,0.23,4.98,11.55,3.29
705,30,2025-06-25 18:45:00,2025-06-26 02:45:00,2,187.41,0,NaN,81.16,0.56,19.53,NaN,1.93
706,33,2025-06-25 18:45:00,2025-06-25 18:45:00,1,128.09,NaN,31.66,50.95,15.8,9.66,12.66,NaN
707,44,2025-06-25 18:45:00,2025-06-25 13:45:00,3,113.74,NaN,1.27,117.46,1.16,8.08,8.84,0.21
708,56,2025-06-25 18:45:00,2025-06-26 01:45:00,1,99.24,0,0.57,23.81,0.34,7.22,10.72,0.36
709,59,2025-06-25 18:45:00,2025-06-25 19:45:00,3,118.16,NaN,0.76,104.22,0.89,8.55,19.06,0.54
710,65,2025-06-25 18:45:00,2025-06-26 03:45:00,1,75.64,0,0.68,50.95,0.17,0.5,0.63,0.05
711,1,2025-06-25 18:54:00,2025-06-26 02:54:00,2,167.81,NaN,29.52,4.7,5.15,12.37,15.46,0.26
712,2,2025-06-25 18:54:00,2025-06-25 23:24:00,3,728.2,0,8.87,74.45,3.3,35.62,43.23,14.78
713,3,2025-06-25 18:54:00,2025-06-26 01:54:00,3,447.96,NaN,12.84,0.6,4.72,42.11,45.81,4.52
714,27,2025-06-25 18:54:00,2025-06-25 19:54:00,2,104.02,NaN,3.19,65.28,0.23,4.98,11.55,3.29
715,30,2025-06-25 18:54:00,2025-06-26 02:54:00,2,187.41,0,NaN,81.16,0.56,19.53,NaN,1.93
716,33,2025-06-25 18:54:00,2025-06-25 18:54:00,1,128.09,NaN,31.66,50.95,15.8,9.66,12.66,NaN
717,44,2025-06-25 18:54:00,2025-06-25 13:54:00,3,113.74,NaN,1.27,117.46,1.16,8.08,8.84,0.21
718,56,2025-06-25 18:54:00,2025-06-26 01:54:00,1,99.24,0,0.57,23.81,0.34,7.22,10.72,0.36
719,59,2025-06-25 18:54:00,2025-06-25 19:54:00,3,118.16,NaN,0.76,104.22,0.89,8.55,19.06,0.54
720,65,2025-06-25 18:54:00,2025-06-26 03:54:00,1,75.64,0,0.68,50.95,0.17,0.5,0.63,0.05
721,1,2025-06-25 19:13:00,2025-06-26 03:13:00,2,167.81,NaN,29.52,4.7,5.15,12.37,15.46,0.26
722,2,2025-06-25 19:13:00,2025-06-25 23:43:00,3,728.2,0,8.87,74.45,3.3,35.62,43.23,14.78
723,3,2025-06-25 19:13:00,2025-06-26 02:13:00,3,447.96,NaN,12.84,0.6,4.72,42.11,45.81,4.52
724,27,2025-06-25 19:13:00,2025-06-25 20:13:00,2,104.02,NaN,3.19,65.28,0.23,4.98,11.55,3.29
725,30,2025-06-25 19:13:00,2025-06-26 03:13:00,2,187.41,0,NaN,81.16,0.56,19.53,NaN,1.93
726,33,2025-06-25 19:13:00,2025-06-25 19:13:00,1,128.09,NaN,31.66,50.95,15.8,9.66,12.66,NaN
727,44,2025-06-25 19:13:00,2025-06-25 14:13:00,3,113.74,NaN,1.27,117.46,1.16,8.08,8.84,0.21
728,56,2025-06-25 19:13:00,2025-06-26 02:13:00,1,99.24,0,0.57,23.81,0.34,7.22,10.72,0.36
729,59,2025-06-25 19:13:00,2025-06-25 20:13:00,3,118.16,NaN,0.76,104.22,0.89,8.55,19.06,0.54
730,65,2025-06-25 19:14:00,2025-06-26 04:14:00,1,75.64,0,0.68,50.95,0.17,0.5,0.63,0.05
731,1,2025-06-25 19:23:00,2025-06-26 03:23:00,2,167.81,NaN,29.52,4.7,5.15,12.37,15.46,0.26
732,2,2025-06-25 19:23:00,2025-06-25 23:53:00,3,728.2,0,8.87,74.45,3.3,35.62,43.23,14.78
733,3,2025-06-25 19:23:00,2025-06-26 02:23:00,3,447.96,NaN,12.84,0.6,4.72,42.11,45.81,4.52
734,27,2025-06-25 19:23:00,2025-06-25 20:23:00,2,104.02,NaN,3.19,65.28,0.23,4.98,11.55,3.29
735,30,2025-06-25 19:23:00,2025-06-26 03:23:00,2,187.41,0,NaN,81.16,0.56,19.53,NaN,1.93
736,33,2025-06-25 19:23:00,2025-06-25 19:23:00,1,128.09,NaN,31.66,50.95,15.8,9.66,12.66,NaN
737,44,2025-06-25 19:23:00,2025-06-25 14:23:00,3,113.74,NaN,1.27,117.46,1.16,8.08,8.84,0.21
738,56,2025-06-25 19:23:00,2025-06-26 02:23:00,1,99.24,0,0.57,23.81,0.34,7.22,10.72,0.36
739,59,2025-06-25 19:23:00,2025-06-25 20:23:00,3,118.16,NaN,0.76,104.22,0.89,8.55,19.06,0.54
740,65,2025-06-25 19:23:00,2025-06-26 04:23:00,1,75.64,0,0.68,50.95,0.17,0.5,0.63,0.05
741,1,2025-06-26 06:21:00,2025-06-26 14:21:00,1,86.42,NaN,1.13,59.87,1.51,3.48,10.42,NaN
742,2,2025-06-26 06:21:00,2025-06-26 10:51:00,3,437.66,NaN,3.4,119.02,2.22,42.58,46.83,7.07
743,3,2025-06-26 06:21:00,2025-06-26 13:21:00,3,189.31,NaN,4.39,117.55,9.72,32.34,34.51,0.1
744,27,2025-06-26 06:22:00,2025-06-26 07:22:00,2,114.48,NaN,1.27,67.01,0.16,2.57,3.19,0.87
745,30,2025-06-26 06:22:00,2025-06-26 14:22:00,3,192.25,NaN,5.03,112.36,3.62,23.07,25.4,1.66
746,33,2025-06-26 06:22:00,2025-06-26 06:22:00,1,118.13,NaN,9.98,55.12,4.67,4.67,8.88,NaN
747,44,2025-06-26 06:22:00,2025-06-26 01:22:00,1,154.72,0,8.32,42.36,1.39,6.49,7.3,0.32
748,56,2025-06-26 06:22:00,2025-06-26 13:22:00,1,121.92,NaN,0.27,48.8,0.52,6.19,7.93,0.11
749,59,2025-06-26 06:22:00,2025-06-26 07:22:00,2,117.16,NaN,1.19,88.79,1.15,9.2,24.63,0.63
750,65,2025-06-26 06:22:00,2025-06-26 15:22:00,2,71.71,NaN,0.29,64.68,0.16,0.5,1.27,0.03
751,1,2025-06-26 06:27:00,2025-06-26 14:27:00,1,86.42,NaN,1.13,59.87,1.51,3.48,10.42,NaN
752,2,2025-06-26 06:27:00,2025-06-26 10:57:00,3,437.66,NaN,3.4,119.02,2.22,42.58,46.83,7.07
753,3,2025-06-26 06:27:00,2025-06-26 13:27:00,3,189.31,NaN,4.39,117.55,9.72,32.34,34.51,0.1
754,27,2025-06-26 06:27:00,2025-06-26 07:27:00,2,114.48,NaN,1.27,67.01,0.16,2.57,3.19,0.87
755,30,2025-06-26 06:27:00,2025-06-26 14:27:00,3,192.25,NaN,5.03,112.36,3.62,23.07,25.4,1.66
756,33,2025-06-26 06:27:00,2025-06-26 06:27:00,1,118.13,NaN,9.98,55.12,4.67,4.67,8.88,NaN
757,44,2025-06-26 06:27:00,2025-06-26 01:27:00,1,154.72,0,8.32,42.36,1.39,6.49,7.3,0.32
758,56,2025-06-26 06:27:00,2025-06-26 13:27:00,1,121.92,NaN,0.27,48.8,0.52,6.19,7.93,0.11
759,59,2025-06-26 06:27:00,2025-06-26 07:27:00,2,117.16,NaN,1.19,88.79,1.15,9.2,24.63,0.63
760,65,2025-06-26 06:27:00,2025-06-26 15:27:00,2,71.71,NaN,0.29,64.68,0.16,0.5,1.27,0.03
761,1,2025-06-26 06:54:00,2025-06-26 14:54:00,1,86.87,NaN,1.25,58.19,1.42,3.1,9.22,0.01
762,2,2025-06-26 06:54:00,2025-06-26 11:24:00,3,397.75,NaN,2.57,124.98,1.94,36.19,39.3,6.23
763,3,2025-06-26 06:54:00,2025-06-26 13:54:00,3,197.83,NaN,5.48,123.75,11.12,34.53,36.93,0.35
764,27,2025-06-26 06:54:00,2025-06-26 07:54:00,2,114.43,NaN,1.36,67.07,0.13,2.26,2.7,0.84
765,30,2025-06-26 06:54:00,2025-06-26 14:54:00,3,194.08,NaN,5.4,113.21,3.37,24.23,26.61,2.06
766,33,2025-06-26 06:54:00,2025-06-26 06:54:00,1,116.25,NaN,7.92,57.05,4.03,3.74,7.12,NaN
767,44,2025-06-26 06:54:00,2025-06-26 01:54:00,1,154.1,0,8.24,33.63,1.22,6.45,7.27,0.21
768,56,2025-06-26 06:54:00,2025-06-26 13:54:00,1,127.95,NaN,0.26,51.39,0.47,6.24,7.79,0.12
769,59,2025-06-26 06:54:00,2025-06-26 07:54:00,2,117.41,NaN,1.12,85.28,1.07,9.36,26.93,0.68
770,65,2025-06-26 06:54:00,2025-06-26 15:54:00,2,72.37,NaN,0.46,64.86,0.18,0.5,1.28,0.04
771,1,2025-06-26 11:54:00,2025-06-26 19:54:00,1,93.03,0,2.54,46.44,1.28,2.91,6.49,0.02
772,2,2025-06-26 11:54:00,2025-06-26 16:24:00,3,316.8,NaN,3.74,101.09,1.23,11.83,13.68,6.42
773,3,2025-06-26 11:54:00,2025-06-26 18:54:00,3,421.59,NaN,45.17,26.21,13.95,46.46,56.18,NaN
774,27,2025-06-26 11:54:00,2025-06-26 12:54:00,2,109.46,NaN,0.49,72.96,0.13,1.5,1.82,1.21
775,30,2025-06-26 11:54:00,2025-06-26 19:54:00,3,220.91,0,15.32,68.84,0.87,NaN,39.45,4.6
776,33,2025-06-26 11:54:00,2025-06-26 11:54:00,1,110.03,NaN,5.54,56.63,3.38,4.11,7.74,0.02
777,44,2025-06-26 11:54:00,2025-06-26 06:54:00,1,172.62,NaN,7.53,21.77,1.13,6.35,7.66,0.18
778,56,2025-06-26 11:54:00,2025-06-26 18:54:00,1,148.04,0,0.41,46.87,0.36,8.3,10.34,0.43
779,59,2025-06-26 11:54:00,2025-06-26 12:54:00,2,105.03,NaN,0.22,91.32,0.46,7.31,20.21,0.68
780,65,2025-06-26 11:54:00,2025-06-26 20:54:00,2,74.33,0,0.61,62.91,0.21,0.5,1.23,0.07
781,1,2025-06-26 20:13:00,2025-06-27 04:13:00,1,108.39,0,3.98,NaN,1.76,6.83,10.17,NaN
782,2,2025-06-26 20:13:00,2025-06-27 00:43:00,3,417.92,0,7.3,70.2,3.06,27.33,36.51,19.3
783,3,2025-06-26 20:13:00,2025-06-27 03:13:00,3,408.05,NaN,12.67,0.18,4.77,47.9,53.32,3.85
784,27,2025-06-26 20:13:00,2025-06-26 21:13:00,1,104.03,0,0.82,54.03,0.24,1.25,2.07,1.38
785,30,2025-06-26 20:13:00,2025-06-27 04:13:00,4,199.42,NaN,6.63,52.33,0.4,61.3,69.46,7.27
786,33,2025-06-26 20:13:00,2025-06-26 20:13:00,2,124.81,NaN,6.54,75.79,3.78,3.19,7.84,0.15
787,44,2025-06-26 20:13:00,2025-06-26 15:13:00,3,158.83,NaN,1.73,133.42,1.14,23.81,27.71,0.02
788,56,2025-06-26 20:13:00,2025-06-27 03:13:00,1,183.66,0,0.44,39.02,0.16,7.13,9.43,0.33
789,59,2025-06-26 20:13:00,2025-06-26 21:13:00,2,107.36,0,0.48,93.02,0.43,4.73,14.53,0.43
790,65,2025-06-26 20:13:00,2025-06-27 05:13:00,1,76.3,0,0.94,49.85,0.19,0.55,1.2,0.03
791,1,2025-06-26 20:23:00,2025-06-27 04:23:00,1,108.39,0,3.98,NaN,1.76,6.83,10.17,NaN
792,2,2025-06-26 20:23:00,2025-06-27 00:53:00,3,417.92,0,7.3,70.2,3.06,27.33,36.51,19.3
793,3,2025-06-26 20:23:00,2025-06-27 03:23:00,3,408.05,NaN,12.67,0.18,4.77,47.9,53.32,3.85
794,27,2025-06-26 20:23:00,2025-06-26 21:23:00,1,104.03,0,0.82,54.03,0.24,1.25,2.07,1.38
795,30,2025-06-26 20:23:00,2025-06-27 04:23:00,4,199.42,NaN,6.63,52.33,0.4,61.3,69.46,7.27
796,33,2025-06-26 20:23:00,2025-06-26 20:23:00,2,124.81,NaN,6.54,75.79,3.78,3.19,7.84,0.15
797,44,2025-06-26 20:23:00,2025-06-26 15:23:00,3,158.83,NaN,1.73,133.42,1.14,23.81,27.71,0.02
798,56,2025-06-26 20:23:00,2025-06-27 03:23:00,1,183.66,0,0.44,39.02,0.16,7.13,9.43,0.33
799,59,2025-06-26 20:23:00,2025-06-26 21:23:00,2,107.36,0,0.48,93.02,0.43,4.73,14.53,0.43
800,65,2025-06-26 20:23:00,2025-06-27 05:23:00,1,76.3,0,0.94,49.85,0.19,0.55,1.2,0.03
801,65,2025-06-26 20:54:00,2025-06-27 05:54:00,1,77.61,0,1.05,50.94,0.22,0.58,1.27,0.05
802,1,2025-06-26 20:54:00,2025-06-27 04:54:00,1,113.02,NaN,4.97,42.2,2.01,7.69,11.65,NaN
803,2,2025-06-26 20:54:00,2025-06-27 01:24:00,3,418.17,0,6.72,66.51,2.84,28.1,37.11,17.43
804,3,2025-06-26 20:54:00,2025-06-27 03:54:00,3,406.02,NaN,11.14,0.17,5.36,49.29,54.58,5.06
805,27,2025-06-26 20:54:00,2025-06-26 21:54:00,1,104.8,0,0.91,53.31,0.27,1.34,2.37,1.58
806,30,2025-06-26 20:54:00,2025-06-27 04:54:00,4,200.06,NaN,7.97,48.89,0.46,62.11,70.32,7.72
807,33,2025-06-26 20:54:00,2025-06-26 20:54:00,2,125.04,0,7.11,72.24,4.05,3.16,7.94,0.16
808,44,2025-06-26 20:54:00,2025-06-26 15:54:00,3,155.08,NaN,2.06,122.28,1.02,21.3,25.98,0.03
809,56,2025-06-26 20:54:00,2025-06-27 03:54:00,1,188.8,0,0.47,40.27,0.2,7.18,9.32,0.32
810,59,2025-06-26 20:54:00,2025-06-26 21:54:00,2,108.36,0,0.49,93.42,0.42,4.49,13.61,0.42
811,1,2025-06-26 21:13:00,2025-06-27 05:13:00,1,113.02,NaN,4.97,42.2,2.01,7.69,11.65,NaN
812,2,2025-06-26 21:13:00,2025-06-27 01:43:00,3,418.17,0,6.72,66.51,2.84,28.1,37.11,17.43
813,3,2025-06-26 21:13:00,2025-06-27 04:13:00,3,406.02,NaN,11.14,0.17,5.36,49.29,54.58,5.06
814,27,2025-06-26 21:13:00,2025-06-26 22:13:00,1,104.8,0,0.91,53.31,0.27,1.34,2.37,1.58
815,30,2025-06-26 21:13:00,2025-06-27 05:13:00,4,200.06,NaN,7.97,48.89,0.46,62.11,70.32,7.72
816,33,2025-06-26 21:13:00,2025-06-26 21:13:00,2,125.04,0,7.11,72.24,4.05,3.16,7.94,0.16
817,44,2025-06-26 21:13:00,2025-06-26 16:13:00,3,155.08,NaN,2.06,122.28,1.02,21.3,25.98,0.03
818,56,2025-06-26 21:13:00,2025-06-27 04:13:00,1,188.8,0,0.47,40.27,0.2,7.18,9.32,0.32
819,59,2025-06-26 21:13:00,2025-06-26 22:13:00,2,108.36,0,0.49,93.42,0.42,4.49,13.61,0.42
820,65,2025-06-26 21:13:00,2025-06-27 06:13:00,1,77.61,0,1.05,50.94,0.22,0.58,1.27,0.05
821,1,2025-06-27 16:23:00,2025-06-28 00:23:00,3,236.15,0,21.61,70.69,9.68,26.48,31.4,1.2
822,2,2025-06-27 16:23:00,2025-06-27 20:53:00,2,331.63,0,6.9,93.58,1.78,17.74,22.03,7.07
823,3,2025-06-27 16:23:00,2025-06-27 23:23:00,4,499.46,NaN,25.98,1.51,6.28,61.83,68.51,3.66
824,27,2025-06-27 16:23:00,2025-06-27 17:23:00,1,92.74,NaN,0.57,48.66,0.09,1.25,1.88,0.99
825,30,2025-06-27 16:23:00,2025-06-28 00:23:00,3,207.16,0,10.29,64.1,0.99,27.55,31.37,2.93
826,33,2025-06-27 16:23:00,2025-06-27 16:23:00,2,100.03,NaN,NaN,73.12,4.84,7.08,16.42,NaN
827,44,2025-06-27 16:23:00,2025-06-27 11:23:00,2,119.45,NaN,NaN,70.94,0.46,3.87,10.35,0.02
828,56,2025-06-27 16:23:00,2025-06-27 23:23:00,1,170.04,0,0.63,23.95,0.21,8.79,11.11,0.96
829,59,2025-06-27 16:23:00,2025-06-27 17:23:00,2,111.11,NaN,0.31,98.36,0.7,8.78,22.45,0.21
830,65,2025-06-27 16:23:00,2025-06-28 01:23:00,1,74.49,0,1.04,45.07,0.15,0.63,1.09,0.02
831,1,2025-06-27 16:27:00,2025-06-28 00:27:00,3,236.15,0,21.61,70.69,9.68,26.48,31.4,1.2
832,2,2025-06-27 16:27:00,2025-06-27 20:57:00,2,331.63,0,6.9,93.58,1.78,17.74,22.03,7.07
833,3,2025-06-27 16:27:00,2025-06-27 23:27:00,4,499.46,NaN,25.98,1.51,6.28,61.83,68.51,3.66
834,27,2025-06-27 16:27:00,2025-06-27 17:27:00,1,92.74,NaN,0.57,48.66,0.09,1.25,1.88,0.99
835,30,2025-06-27 16:27:00,2025-06-28 00:27:00,3,207.16,0,10.29,64.1,0.99,27.55,31.37,2.93
836,33,2025-06-27 16:27:00,2025-06-27 16:27:00,2,100.03,NaN,NaN,73.12,4.84,7.08,16.42,NaN
837,44,2025-06-27 16:27:00,2025-06-27 11:27:00,2,119.45,NaN,NaN,70.94,0.46,3.87,10.35,0.02
838,56,2025-06-27 16:27:00,2025-06-27 23:27:00,1,170.04,0,0.63,23.95,0.21,8.79,11.11,0.96
839,59,2025-06-27 16:27:00,2025-06-27 17:27:00,2,111.11,NaN,0.31,98.36,0.7,8.78,22.45,0.21
840,65,2025-06-27 16:27:00,2025-06-28 01:27:00,1,74.49,0,1.04,45.07,0.15,0.63,1.09,0.02
841,1,2025-06-27 17:23:00,2025-06-28 01:23:00,3,250.72,0,26.49,60.86,11.09,29.93,35.17,1.11
842,2,2025-06-27 17:23:00,2025-06-27 21:53:00,2,345.42,0,6.73,89.8,1.66,17.18,21.24,6.18
843,3,2025-06-27 17:23:00,2025-06-28 00:23:00,4,487.68,NaN,20.99,0.56,4.99,61.35,66.63,4.33
844,27,2025-06-27 17:23:00,2025-06-27 18:23:00,1,92.7,NaN,0.65,49.03,0.09,1.27,1.91,1.13
845,30,2025-06-27 17:23:00,2025-06-28 01:23:00,2,194.6,0,7.64,61.05,0.9,23.53,27.13,2.84
846,33,2025-06-27 17:23:00,2025-06-27 17:23:00,2,99.99,NaN,5.48,75.54,4.84,6.9,16.01,NaN
847,44,2025-06-27 17:23:00,2025-06-27 12:23:00,2,118.53,NaN,0.8,73.74,0.42,3.73,10.17,0.02
848,56,2025-06-27 17:23:00,2025-06-28 00:23:00,1,164.03,0,0.61,21.75,0.19,9.07,11.38,0.86
849,59,2025-06-27 17:23:00,2025-06-27 18:23:00,2,110.98,NaN,0.37,98.7,0.73,9.37,23.93,0.19
850,65,2025-06-27 17:23:00,2025-06-28 02:23:00,1,73.99,0,0.97,44.62,0.15,0.62,1.07,0.02
851,1,2025-06-27 17:27:00,2025-06-28 01:27:00,3,250.72,0,26.49,60.86,11.09,29.93,35.17,1.11
852,2,2025-06-27 17:27:00,2025-06-27 21:57:00,2,345.42,0,6.73,89.8,1.66,17.18,21.24,6.18
853,3,2025-06-27 17:27:00,2025-06-28 00:27:00,4,487.68,NaN,20.99,0.56,4.99,61.35,66.63,4.33
854,27,2025-06-27 17:27:00,2025-06-27 18:27:00,1,92.7,NaN,0.65,49.03,0.09,1.27,1.91,1.13
855,30,2025-06-27 17:27:00,2025-06-28 01:27:00,2,194.6,0,7.64,61.05,0.9,23.53,27.13,2.84
856,33,2025-06-27 17:27:00,2025-06-27 17:27:00,2,99.99,NaN,5.48,75.54,4.84,6.9,16.01,NaN
857,44,2025-06-27 17:27:00,2025-06-27 12:27:00,2,118.53,NaN,0.8,73.74,0.42,3.73,10.17,0.02
858,56,2025-06-27 17:27:00,2025-06-28 00:27:00,1,164.03,0,0.61,21.75,0.19,9.07,11.38,0.86
859,59,2025-06-27 17:27:00,2025-06-27 18:27:00,2,110.98,NaN,0.37,98.7,0.73,9.37,23.93,0.19
860,65,2025-06-27 17:27:00,2025-06-28 02:27:00,1,73.99,0,0.97,44.62,0.15,0.62,1.07,0.02