weather_id,city_id,date_time,local_time,temperature,feels_like,temp_min,temp_max,pressure,humidity,visibility,wind_speed,wind_deg,clouds_all,weather_main,weather_description,weather_icon,sunrise,sunset
1,1,2024-09-30 20:09:00,2024-10-01 04:09:00,20.84,21.02,19.47,21.79,1011,78,10000,6.17,350,75,Clouds,broken clouds,04n,2024-09-30 20:36:00,2024-10-01 08:26:00
2,2,2024-09-30 20:09:00,2024-10-01 00:39:00,28.06,34.68,28.06,28.06,1004,94,3000,1.54,250,20,Mist,mist,50n,2024-10-01 00:44:00,2024-10-01 12:37:00
3,3,2024-09-30 20:09:00,2024-10-01 03:09:00,25.99,25.99,NaN,25.99,1010,89,10000,NaN,0,20,Clouds,few clouds,02n,2024-09-30 21:48:00,2024-10-01 09:40:00
4,27,2024-09-30 20:03:00,2024-09-30 21:03:00,14.94,14.81,13.56,15.62,1013,89,10000,5.14,230,75,Clouds,broken clouds,04n,2024-09-30 05:49:00,2024-09-30 17:32:00
5,30,2024-09-30 20:09:00,2024-10-01 04:09:00,17.77,17.61,17.77,17.77,1010,77,10000,2.82,207,100,Clouds,overcast clouds,04n,2024-09-30 21:27:00,2024-10-01 09:16:00
6,33,2024-09-30 20:05:00,2024-09-30 20:05:00,13.4,12.94,12.37,14.05,1005,82,10000,9.77,250,100,Clouds,overcast clouds,04n,2024-09-30 06:00:00,2024-09-30 17:41:00
7,44,2024-09-30 20:05:00,2024-09-30 15:05:00,21.03,20.91,19.93,22.93,1016,66,10000,6.17,120,100,Clouds,overcast clouds,04d,2024-09-30 10:52:00,2024-09-30 22:39:00
8,56,2024-09-30 20:07:00,2024-10-01 03:07:00,26.65,26.65,25.98,27.32,1008,91,10000,0.51,130,75,Clouds,broken clouds,04n,2024-09-30 22:51:00,2024-10-01 10:57:00
9,59,2024-09-30 20:00:00,2024-09-30 21:00:00,21.9,NaN,20.13,23.24,1020,71,10000,4.63,240,20,Clouds,few clouds,02n,2024-09-30 05:47:00,2024-09-30 17:35:00
10,65,2024-09-30 20:09:00,2024-10-01 05:09:00,9.72,9.72,7.94,10.94,1023,89,10000,0.45,283,3,Clear,clear sky,01d,2024-09-30 19:32:00,2024-10-01 07:57:00
11,1,2024-09-30 20:20:00,2024-10-01 04:20:00,20.84,21.02,19.47,21.79,1011,78,10000,5.66,340,75,Clouds,broken clouds,04n,2024-09-30 20:36:00,2024-10-01 08:26:00
12,2,2024-09-30 20:20:00,2024-10-01 00:50:00,27.06,31.35,27.06,27.06,1004,94,2800,1.54,250,20,Mist,mist,50n,2024-10-01 00:44:00,2024-10-01 12:37:00
13,3,2024-09-30 20:20:00,2024-10-01 03:20:00,25.99,25.99,NaN,25.99,1010,89,10000,NaN,0,20,Clouds,few clouds,02n,2024-09-30 21:48:00,2024-10-01 09:40:00
14,27,2024-09-30 20:10:00,2024-09-30 21:10:00,14.83,14.69,13.46,15.56,1013,89,10000,5.14,230,75,Clouds,broken clouds,04n,2024-09-30 05:49:00,2024-09-30 17:32:00
15,30,2024-09-30 20:20:00,2024-10-01 04:20:00,19.86,20.36,17.77,19.86,1010,94,10000,2.57,160,100,Clouds,overcast clouds,04n,2024-09-30 21:27:00,2024-10-01 09:16:00
16,33,2024-09-30 20:16:00,2024-09-30 20:16:00,13.25,12.77,12.06,13.99,1005,82,10000,9.77,250,100,Clouds,overcast clouds,04n,2024-09-30 06:00:00,2024-09-30 17:41:00
17,44,2024-09-30 20:21:00,2024-09-30 15:21:00,NaN,20.88,19.93,22.8,1016,66,10000,6.17,120,100,Clouds,overcast clouds,04d,2024-09-30 10:52:00,2024-09-30 22:39:00
18,56,2024-09-30 20:21:00,2024-10-01 03:21:00,26.65,26.65,25.98,27.32,1008,91,10000,0.51,130,75,Clouds,broken clouds,04n,2024-09-30 22:51:00,2024-10-01 10:57:00
19,59,2024-09-30 20:12:00,2024-09-30 21:12:00,21.97,22.15,20.05,23.31,1020,74,10000,4.63,240,20,Clouds,few clouds,02n,2024-09-30 05:47:00,2024-09-30 17:35:00
20,65,2024-09-30 20:21:00,2024-10-01 05:21:00,9.88,9.88,7.94,10.94,1023,89,10000,0.45,283,3,Clear,clear sky,01d,2024-09-30 19:32:00,2024-10-01 07:57:00
21,1,2024-09-30 21:30:00,2024-10-01 05:30:00,20.86,21.14,19.47,21.79,1011,82,10000,5.66,330,75,Clouds,broken clouds,04d,2024-09-30 20:36:00,2024-10-01 08:26:00
22,2,2024-09-30 21:30:00,2024-10-01 02:00:00,27.06,31.35,27.06,27.06,1004,94,2800,1.54,250,0,Mist,mist,50n,2024-10-01 00:44:00,2024-10-01 12:37:00
23,3,2024-09-30 21:34:00,2024-10-01 04:34:00,21.99,22.7,21.99,NaN,1011,94,7000,NaN,320,40,Rain,shower rain,09n,2024-09-30 21:48:00,2024-10-01 09:40:00
24,27,2024-09-30 21:26:00,2024-09-30 22:26:00,14.3,14.03,12.99,15.1,1013,86,10000,6.17,240,100,Clouds,overcast clouds,04n,2024-09-30 05:49:00,2024-09-30 17:32:00
25,30,2024-09-30 21:34:00,2024-10-01 05:34:00,19.39,19.76,17.77,19.88,1010,91,10000,3.6,210,75,Clouds,broken clouds,04d,2024-09-30 21:27:00,2024-10-01 09:16:00
26,33,2024-09-30 21:29:00,2024-09-30 21:29:00,12.86,12.32,11.51,13.49,1006,81,10000,4.47,314,100,Clouds,overcast clouds,04n,2024-09-30 06:00:00,2024-09-30 17:41:00
27,44,2024-09-30 21:35:00,2024-09-30 16:35:00,20.35,20.19,18.93,21.72,1017,67,10000,5.66,60,75,Clouds,broken clouds,04d,2024-09-30 10:52:00,2024-09-30 22:39:00
28,56,2024-09-30 21:35:00,2024-10-01 04:35:00,26.59,26.59,23.99,NaN,1008,88,10000,1.03,30,75,Clouds,broken clouds,04n,2024-09-30 22:51:00,2024-10-01 10:57:00
29,59,2024-09-30 21:22:00,2024-09-30 22:22:00,21.27,21.46,19.33,22.68,1019,77,10000,3.09,260,20,Clouds,few clouds,02n,2024-09-30 05:47:00,2024-09-30 17:35:00
30,65,2024-09-30 21:35:00,2024-10-01 06:35:00,13.53,13.08,12.42,14.75,1023,82,10000,3.6,310,0,Clear,clear sky,01d,2024-09-30 19:32:00,2024-10-01 07:57:00
31,1,2024-09-30 23:20:00,2024-10-01 07:20:00,21.54,21.92,20.7,22.57,1011,83,10000,5.14,350,75,Clouds,broken clouds,04d,2024-09-30 20:36:00,2024-10-01 08:26:00
32,2,2024-09-30 23:20:00,2024-10-01 03:50:00,26.06,26.06,26.06,26.06,1004,94,2200,2.06,260,0,Mist,mist,50n,2024-10-01 00:44:00,2024-10-01 12:37:00
33,3,2024-09-30 23:20:00,2024-10-01 06:20:00,21.99,22.7,21.99,NaN,1012,94,10000,NaN,350,75,Clouds,broken clouds,04d,2024-09-30 21:48:00,2024-10-01 09:40:00
34,27,2024-09-30 23:14:00,2024-10-01 00:14:00,13.93,13.65,12.75,14.49,1013,87,10000,5.14,240,0,Clear,clear sky,01n,2024-10-01 05:50:00,2024-10-01 17:30:00
35,30,2024-09-30 23:20:00,2024-10-01 07:20:00,20.86,21.46,18.77,20.86,1009,94,10000,3.6,280,100,Clouds,overcast clouds,04d,2024-09-30 21:27:00,2024-10-01 09:16:00
36,33,2024-09-30 23:19:00,2024-09-30 23:19:00,12.15,11.56,10.83,12.88,1007,82,10000,7.72,250,100,Clouds,overcast clouds,04n,2024-10-01 06:02:00,2024-10-01 17:38:00
37,44,2024-09-30 23:20:00,2024-09-30 18:20:00,18.51,18.32,17.09,19.6,1017,73,10000,3.09,160,0,Clear,clear sky,01n,2024-09-30 10:52:00,2024-09-30 22:39:00
38,56,2024-09-30 23:21:00,2024-10-01 06:21:00,26.18,26.18,25.98,26.95,1009,91,10000,1.03,50,75,Clouds,broken clouds,04d,2024-09-30 22:51:00,2024-10-01 10:57:00
39,59,2024-09-30 23:19:00,2024-10-01 00:19:00,20.64,20.77,18.75,21.81,1019,77,10000,1.54,290,20,Clouds,few clouds,02n,2024-10-01 05:48:00,2024-10-01 17:33:00
40,65,2024-09-30 23:17:00,2024-10-01 08:17:00,18.39,17.96,16.61,19.65,1023,64,10000,2.06,270,20,Clouds,few clouds,02d,2024-09-30 19:32:00,2024-10-01 07:57:00
41,1,2024-10-01 00:20:00,2024-10-01 08:20:00,22.93,23.18,22.03,23.77,1010,73,10000,6.17,350,75,Clouds,broken clouds,04d,2024-09-30 20:36:00,2024-10-01 08:26:00
42,2,2024-10-01 00:20:00,2024-10-01 04:50:00,26.06,26.06,26.06,26.06,1004,100,1800,2.06,260,1,Mist,mist,50n,2024-10-01 00:44:00,2024-10-01 12:37:00
43,3,2024-10-01 00:20:00,2024-10-01 07:20:00,22.99,23.64,22.99,NaN,1013,88,10000,NaN,330,75,Clouds,broken clouds,04d,2024-09-30 21:48:00,2024-10-01 09:40:00
44,27,2024-10-01 00:17:00,2024-10-01 01:17:00,13.7,13.35,12.39,14.43,1013,85,10000,5.14,240,75,Clouds,broken clouds,04n,2024-10-01 05:50:00,2024-10-01 17:30:00
45,30,2024-10-01 00:20:00,2024-10-01 08:20:00,18.86,19.26,18.77,18.86,1010,94,10000,5.66,340,100,Clouds,overcast clouds,04d,2024-09-30 21:27:00,2024-10-01 09:16:00
46,33,2024-10-01 00:20:00,2024-10-01 00:20:00,11.81,11.21,10.63,12.67,1007,83,10000,7.72,260,100,Clouds,overcast clouds,04n,2024-10-01 06:02:00,2024-10-01 17:38:00
47,44,2024-10-01 00:20:00,2024-09-30 19:20:00,17.79,17.53,16.12,18.87,1018,73,10000,3.6,90,75,Clouds,broken clouds,04n,2024-09-30 10:52:00,2024-09-30 22:39:00
48,56,2024-10-01 00:21:00,2024-10-01 07:21:00,27.65,32.51,25.11,28.95,1010,89,8000,1.54,360,75,Clouds,broken clouds,04d,2024-09-30 22:51:00,2024-10-01 10:57:00
49,59,2024-10-01 00:17:00,2024-10-01 01:17:00,20.26,20.4,18.51,21.69,1019,79,10000,1.03,280,20,Clouds,few clouds,02n,2024-10-01 05:48:00,2024-10-01 17:33:00
50,65,2024-10-01 00:17:00,2024-10-01 09:17:00,20.13,19.71,18.73,21.32,1023,58,10000,2.57,240,20,Clouds,few clouds,02d,2024-09-30 19:32:00,2024-10-01 07:57:00
51,1,2024-10-01 01:20:00,2024-10-01 09:20:00,24.04,24.3,23.7,24.24,1009,69,10000,7.2,360,75,Clouds,broken clouds,04d,2024-09-30 20:36:00,2024-10-01 08:26:00
52,2,2024-10-01 01:20:00,2024-10-01 05:50:00,25.06,26.23,25.06,25.06,1005,100,1600,2.06,250,0,Mist,mist,50d,2024-10-01 00:44:00,2024-10-01 12:37:00
53,3,2024-10-01 01:20:00,2024-10-01 08:20:00,22.99,23.64,22.99,NaN,1013,88,10000,NaN,340,75,Clouds,broken clouds,04d,2024-09-30 21:48:00,2024-10-01 09:40:00
54,27,2024-10-01 01:15:00,2024-10-01 02:15:00,12.99,12.64,12.14,13.41,1013,88,10000,5.66,240,100,Clouds,overcast clouds,04n,2024-10-01 05:50:00,2024-10-01 17:30:00
55,30,2024-10-01 01:20:00,2024-10-01 09:20:00,18.86,19.1,18.77,18.86,1011,88,10000,6.17,320,100,Rain,light rain,10d,2024-09-30 21:27:00,2024-10-01 09:16:00
56,33,2024-10-01 01:15:00,2024-10-01 01:15:00,11.84,11.27,10.72,12.54,1007,84,10000,7.2,270,75,Clouds,broken clouds,04n,2024-10-01 06:02:00,2024-10-01 17:38:00
57,44,2024-10-01 01:20:00,2024-09-30 20:20:00,17.52,17.23,15.62,18.49,1018,73,10000,2.57,140,75,Clouds,broken clouds,04n,2024-09-30 10:52:00,2024-09-30 22:39:00
58,56,2024-10-01 01:21:00,2024-10-01 08:21:00,29.6,35.71,28.05,NaN,1010,77,10000,2.06,140,40,Clouds,scattered clouds,03d,2024-09-30 22:51:00,2024-10-01 10:57:00
59,59,2024-10-01 01:18:00,2024-10-01 02:18:00,NaN,20.07,18.14,21.13,1018,77,10000,1.54,290,100,Clouds,overcast clouds,04n,2024-10-01 05:48:00,2024-10-01 17:33:00
60,65,2024-10-01 01:11:00,2024-10-01 10:11:00,21.03,20.65,19.61,22.53,1022,56,10000,1.79,25,20,Clouds,few clouds,02d,2024-09-30 19:32:00,2024-10-01 07:57:00
61,1,2024-10-01 06:06:00,2024-10-01 14:06:00,25.88,26.43,25.37,26.58,1005,73,10000,5.66,340,75,Clouds,broken clouds,04d,2024-09-30 20:36:00,2024-10-01 08:26:00
62,2,2024-10-01 06:16:00,2024-10-01 10:46:00,31.06,37.76,31.06,31.06,1005,70,3000,4.12,290,20,Haze,haze,50d,2024-10-01 00:44:00,2024-10-01 12:37:00
63,3,2024-10-01 06:16:00,2024-10-01 13:16:00,22.99,23.25,22.99,NaN,1014,73,10000,NaN,350,75,Clouds,broken clouds,04d,2024-09-30 21:48:00,2024-10-01 09:40:00
64,27,2024-10-01 06:11:00,2024-10-01 07:11:00,11.86,11.5,10.72,12.41,1012,92,10000,5.14,230,75,Clouds,broken clouds,04d,2024-10-01 05:50:00,2024-10-01 17:30:00
65,30,2024-10-01 06:16:00,2024-10-01 14:16:00,19.36,19.21,18.88,20.77,1011,71,10000,6.17,300,100,Clouds,overcast clouds,04d,2024-09-30 21:27:00,2024-10-01 09:16:00
66,33,2024-10-01 06:14:00,2024-10-01 06:14:00,11.51,10.99,10.27,12.12,1007,87,10000,2.24,278,100,Clouds,overcast clouds,04d,2024-10-01 06:02:00,2024-10-01 17:38:00
67,44,2024-10-01 06:16:00,2024-10-01 01:16:00,16.13,15.84,14.23,17.17,1018,78,10000,2.57,80,75,Clouds,broken clouds,04n,2024-10-01 10:53:00,2024-10-01 22:38:00
68,56,2024-10-01 06:12:00,2024-10-01 13:12:00,26.4,26.4,25.05,NaN,1008,88,9000,2.57,170,75,Rain,light rain,10d,2024-09-30 22:51:00,2024-10-01 10:57:00
69,59,2024-10-01 06:10:00,2024-10-01 07:10:00,18.93,18.86,16.75,20.38,1016,76,10000,2.68,303,40,Clouds,scattered clouds,03d,2024-10-01 05:48:00,2024-10-01 17:33:00
70,65,2024-10-01 06:08:00,2024-10-01 15:08:00,20.48,20.12,19.6,22.48,1020,59,10000,6.69,90,20,Clouds,few clouds,02d,2024-09-30 19:32:00,2024-10-01 07:57:00
73,1,2024-10-01 07:20:00,2024-10-01 15:20:00,26.84,28.59,25.74,27.64,1005,70,10000,5.66,340,40,Clouds,scattered clouds,03d,2024-09-30 20:36:00,2024-10-01 08:26:00
74,2,2024-10-01 07:20:00,2024-10-01 11:50:00,32.06,37.84,32.06,32.06,1004,62,3500,4.63,290,20,Haze,haze,50d,2024-10-01 00:44:00,2024-10-01 12:37:00
75,3,2024-10-01 07:20:00,2024-10-01 14:20:00,22.99,23.25,NaN,22.99,1015,73,10000,NaN,350,75,Clouds,broken clouds,04d,2024-09-30 21:48:00,2024-10-01 09:40:00
76,27,2024-10-01 07:20:00,2024-10-01 08:20:00,11.99,11.67,11.23,12.41,1012,93,10000,4.63,220,0,Clear,clear sky,01d,2024-10-01 05:50:00,2024-10-01 17:30:00
77,30,2024-10-01 07:20:00,2024-10-01 15:20:00,20.86,20.57,20.77,20.86,1012,60,10000,3.6,290,75,Clouds,broken clouds,04d,2024-09-30 21:27:00,2024-10-01 09:16:00
78,33,2024-10-01 07:12:00,2024-10-01 07:12:00,11.57,11.08,10.49,12.12,1008,88,10000,3.6,240,100,Clouds,overcast clouds,04d,2024-10-01 06:02:00,2024-10-01 17:38:00
79,44,2024-10-01 07:20:00,2024-10-01 02:20:00,15.83,15.53,13.91,16.96,1018,79,10000,3.6,30,0,Clear,clear sky,01n,2024-10-01 10:53:00,2024-10-01 22:38:00
80,56,2024-10-01 07:21:00,2024-10-01 14:21:00,27.98,31.45,27.11,NaN,1007,76,10000,2.06,210,75,Clouds,broken clouds,04d,2024-09-30 22:51:00,2024-10-01 10:57:00
81,59,2024-10-01 07:11:00,2024-10-01 08:11:00,20.1,20.41,17.89,21.81,1016,86,10000,3.6,320,20,Clouds,few clouds,02d,2024-10-01 05:48:00,2024-10-01 17:33:00
82,65,2024-10-01 07:21:00,2024-10-01 16:21:00,18.86,18.55,18.39,19.71,1022,67,10000,6.69,90,20,Clouds,few clouds,02d,2024-09-30 19:32:00,2024-10-01 07:57:00
83,1,2024-10-01 08:13:00,2024-10-01 16:13:00,26.37,26.37,25.34,26.79,1005,72,10000,5.14,330,75,Clouds,broken clouds,04d,2024-09-30 20:36:00,2024-10-01 08:26:00
84,2,2024-10-01 08:20:00,2024-10-01 12:50:00,33.06,38.96,33.06,33.06,1003,58,4000,4.12,280,20,Haze,haze,50d,2024-10-01 00:44:00,2024-10-01 12:37:00
85,3,2024-10-01 08:20:00,2024-10-01 15:20:00,21.99,22.15,21.99,NaN,1015,73,10000,NaN,10,75,Clouds,broken clouds,04d,2024-09-30 21:48:00,2024-10-01 09:40:00
86,27,2024-10-01 08:13:00,2024-10-01 09:13:00,12.72,12.42,11.85,13.72,1012,91,10000,4.63,230,75,Clouds,broken clouds,04d,2024-10-01 05:50:00,2024-10-01 17:30:00
87,30,2024-10-01 08:20:00,2024-10-01 16:20:00,19.86,19.26,19.86,20.77,1012,52,10000,5.14,320,0,Clear,clear sky,01d,2024-09-30 21:27:00,2024-10-01 09:16:00
88,33,2024-10-01 08:16:00,2024-10-01 08:16:00,12.06,11.57,10.96,12.9,1008,86,10000,5.66,250,100,Clouds,overcast clouds,04d,2024-10-01 06:02:00,2024-10-01 17:38:00
89,44,2024-10-01 08:20:00,2024-10-01 03:20:00,15.72,15.41,13.91,16.75,1018,79,10000,3.6,70,75,Clouds,broken clouds,04n,2024-10-01 10:53:00,2024-10-01 22:38:00
90,56,2024-10-01 08:21:00,2024-10-01 15:21:00,28.78,32.08,27.88,29.11,1007,69,10000,2.06,140,75,Clouds,broken clouds,04d,2024-09-30 22:51:00,2024-10-01 10:57:00
91,59,2024-10-01 08:17:00,2024-10-01 09:17:00,21.53,21.59,19.71,22.75,1016,71,10000,2.57,250,20,Clouds,few clouds,02d,2024-10-01 05:48:00,2024-10-01 17:33:00
92,65,2024-10-01 08:12:00,2024-10-01 17:12:00,17.52,17.21,17.06,18.19,1023,72,10000,5.66,100,20,Clouds,few clouds,02n,2024-09-30 19:32:00,2024-10-01 07:57:00
93,1,2024-10-01 09:30:00,2024-10-01 17:30:00,25.76,26.38,24.23,26.58,1006,76,10000,3.6,300,75,Clouds,broken clouds,04n,2024-09-30 20:36:00,2024-10-01 08:26:00
94,2,2024-10-01 09:36:00,2024-10-01 14:06:00,34.06,39.22,34.06,34.06,1001,52,5000,4.63,280,20,Haze,haze,50d,2024-10-01 00:44:00,2024-10-01 12:37:00
95,3,2024-10-01 09:36:00,2024-10-01 16:36:00,21.99,22.02,21.99,NaN,1016,68,10000,NaN,360,75,Clouds,broken clouds,04d,2024-09-30 21:48:00,2024-10-01 09:40:00
96,27,2024-10-01 09:30:00,2024-10-01 10:30:00,14.34,14.02,13.2,15.06,1012,84,10000,4.63,230,75,Clouds,broken clouds,04d,2024-10-01 05:50:00,2024-10-01 17:30:00
97,30,2024-10-01 09:36:00,2024-10-01 17:36:00,17.86,16.88,17.77,17.86,1014,45,10000,6.17,320,0,Clear,clear sky,01n,2024-09-30 21:27:00,2024-10-01 09:16:00
98,33,2024-10-01 09:27:00,2024-10-01 09:27:00,12.51,12.11,11.51,13.43,1008,88,10000,6.17,260,100,Clouds,overcast clouds,04d,2024-10-01 06:02:00,2024-10-01 17:38:00
99,44,2024-10-01 09:36:00,2024-10-01 04:36:00,15.71,15.45,13.67,16.72,1018,81,10000,4.63,60,0,Clear,clear sky,01n,2024-10-01 10:53:00,2024-10-01 22:38:00
100,56,2024-10-01 09:37:00,2024-10-01 16:37:00,28.79,31.77,27.95,30.11,1007,67,10000,2.06,130,75,Clouds,broken clouds,04d,2024-09-30 22:51:00,2024-10-01 10:57:00
101,59,2024-10-01 09:31:00,2024-10-01 10:31:00,23.71,23.94,21.87,25.02,1015,69,10000,5.66,250,20,Clouds,few clouds,02d,2024-10-01 05:48:00,2024-10-01 17:33:00
102,65,2024-10-01 09:36:00,2024-10-01 18:36:00,16.36,16.06,15.17,17.09,1025,77,10000,1.79,93,12,Clouds,few clouds,02n,2024-09-30 19:32:00,2024-10-01 07:57:00
103,1,2024-10-01 10:20:00,2024-10-01 18:20:00,25.46,26.05,24.23,26.44,1006,76,10000,5.14,280,0,Clear,clear sky,01n,2024-09-30 20:36:00,2024-10-01 08:26:00
104,2,2024-10-01 10:20:00,2024-10-01 14:50:00,34.06,39.22,34.06,34.06,1001,52,5000,3.6,280,0,Haze,haze,50d,2024-10-01 00:44:00,2024-10-01 12:37:00
105,3,2024-10-01 10:20:00,2024-10-01 17:20:00,20.99,20.92,20.99,NaN,1016,68,10000,NaN,360,20,Clouds,few clouds,02n,2024-09-30 21:48:00,2024-10-01 09:40:00
106,27,2024-10-01 10:16:00,2024-10-01 11:16:00,15.34,14.97,14.05,16.66,1012,78,10000,5.14,230,20,Clouds,few clouds,02d,2024-10-01 05:50:00,2024-10-01 17:30:00
107,30,2024-10-01 10:20:00,2024-10-01 18:20:00,15.86,14.65,15.86,17.77,1014,44,10000,5.14,310,0,Clear,clear sky,01n,2024-09-30 21:27:00,2024-10-01 09:16:00
108,33,2024-10-01 10:13:00,2024-10-01 10:13:00,12.39,12.01,11.48,13.6,1008,89,10000,6.17,260,75,Rain,moderate rain,10d,2024-10-01 06:02:00,2024-10-01 17:38:00
109,44,2024-10-01 10:21:00,2024-10-01 05:21:00,15.67,15.43,13.64,16.75,1018,82,10000,3.6,60,75,Clouds,broken clouds,04n,2024-10-01 10:53:00,2024-10-01 22:38:00
110,56,2024-10-01 10:16:00,2024-10-01 17:16:00,28.78,31.75,27.95,NaN,1007,67,10000,1.03,110,75,Clouds,broken clouds,04d,2024-09-30 22:51:00,2024-10-01 10:57:00
111,59,2024-10-01 10:19:00,2024-10-01 11:19:00,24.14,24.23,22.74,25.02,1015,62,10000,7.2,250,20,Clouds,few clouds,02d,2024-10-01 05:48:00,2024-10-01 17:33:00
112,65,2024-10-01 10:17:00,2024-10-01 19:17:00,15.87,15.55,14.61,16.99,1025,78,10000,3.6,110,75,Clouds,broken clouds,04n,2024-09-30 19:32:00,2024-10-01 07:57:00
113,1,2024-10-01 11:20:00,2024-10-01 19:20:00,25.4,25.98,24.25,25.91,1006,76,10000,4.63,250,40,Clouds,scattered clouds,03n,2024-09-30 20:36:00,2024-10-01 08:26:00
114,2,2024-10-01 11:10:00,2024-10-01 15:40:00,34.06,39.22,34.06,34.06,1001,52,5000,3.6,290,0,Haze,haze,50d,2024-10-01 00:44:00,2024-10-01 12:37:00
115,3,2024-10-01 11:20:00,2024-10-01 18:20:00,20.99,20.82,20.99,NaN,1017,64,10000,NaN,10,0,Clear,clear sky,01n,2024-09-30 21:48:00,2024-10-01 09:40:00
116,27,2024-10-01 11:07:00,2024-10-01 12:07:00,16.44,16.02,15.16,17.76,1011,72,10000,5.14,220,40,Clouds,scattered clouds,03d,2024-10-01 05:50:00,2024-10-01 17:30:00
117,30,2024-10-01 11:20:00,2024-10-01 19:20:00,14.86,13.92,14.86,16.77,1015,58,10000,4.63,320,0,Clear,clear sky,01n,2024-09-30 21:27:00,2024-10-01 09:16:00
118,33,2024-10-01 11:17:00,2024-10-01 11:17:00,12.46,12.11,11.7,13.7,1007,90,10000,5.66,260,100,Clouds,overcast clouds,04d,2024-10-01 06:02:00,2024-10-01 17:38:00
119,44,2024-10-01 11:20:00,2024-10-01 06:20:00,15.68,15.5,13.76,16.75,1018,84,10000,4.12,40,75,Clouds,broken clouds,04d,2024-10-01 10:53:00,2024-10-01 22:38:00
120,56,2024-10-01 11:21:00,2024-10-01 18:21:00,27.78,30.75,26.95,29.11,1008,74,10000,1.03,0,75,Clouds,broken clouds,04n,2024-09-30 22:51:00,2024-10-01 10:57:00
121,59,2024-10-01 11:19:00,2024-10-01 12:19:00,25.16,25.51,23.92,26.65,1015,68,10000,4.63,250,20,Clouds,few clouds,02d,2024-10-01 05:48:00,2024-10-01 17:33:00
122,65,2024-10-01 11:14:00,2024-10-01 20:14:00,15.99,15.66,14.62,17.06,1026,77,10000,0.89,343,25,Clouds,scattered clouds,03n,2024-09-30 19:32:00,2024-10-01 07:57:00
123,1,2024-10-01 12:15:00,2024-10-01 20:15:00,25.25,25.81,23.12,25.91,1007,76,10000,4.63,230,0,Clear,clear sky,01n,2024-09-30 20:36:00,2024-10-01 08:26:00
124,2,2024-10-01 12:20:00,2024-10-01 16:50:00,33.06,37.95,33.06,33.06,1002,55,4500,2.57,320,0,Haze,haze,50d,2024-10-01 00:44:00,2024-10-01 12:37:00
125,3,2024-10-01 12:20:00,2024-10-01 19:20:00,20.99,20.71,20.99,NaN,1017,60,10000,NaN,20,0,Clear,clear sky,01n,2024-09-30 21:48:00,2024-10-01 09:40:00
126,27,2024-10-01 12:13:00,2024-10-01 13:13:00,16.98,16.46,15.72,17.83,1010,66,10000,5.66,250,75,Clouds,broken clouds,04d,2024-10-01 05:50:00,2024-10-01 17:30:00
127,30,2024-10-01 12:20:00,2024-10-01 20:20:00,14.86,14.05,14.86,15.77,1015,63,10000,5.14,320,0,Clear,clear sky,01n,2024-09-30 21:27:00,2024-10-01 09:16:00
128,33,2024-10-01 12:12:00,2024-10-01 12:12:00,12.67,12.32,11.97,14.07,1007,89,10000,5.66,260,100,Clouds,overcast clouds,04d,2024-10-01 06:02:00,2024-10-01 17:38:00
129,44,2024-10-01 12:20:00,2024-10-01 07:20:00,16.45,16.34,14.59,17.21,1018,84,10000,6.69,60,75,Clouds,broken clouds,04d,2024-10-01 10:53:00,2024-10-01 22:38:00
130,56,2024-10-01 12:21:00,2024-10-01 19:21:00,27.4,29.86,26.95,28.11,1009,73,10000,1.03,0,75,Clouds,broken clouds,04n,2024-09-30 22:51:00,2024-10-01 10:57:00
131,59,2024-10-01 12:21:00,2024-10-01 13:21:00,25.91,26.28,24.32,NaN,1014,66,10000,6.26,206,20,Clouds,few clouds,02d,2024-10-01 05:48:00,2024-10-01 17:33:00
132,65,2024-10-01 12:16:00,2024-10-01 21:16:00,16.66,16.29,15.25,17.61,1026,73,10000,4.63,110,75,Clouds,broken clouds,04n,2024-09-30 19:32:00,2024-10-01 07:57:00
133,1,2024-10-01 13:20:00,2024-10-01 21:20:00,25.34,26.02,23.12,25.91,1008,80,10000,5.66,190,0,Clear,clear sky,01n,2024-09-30 20:36:00,2024-10-01 08:26:00
134,2,2024-10-01 13:11:00,2024-10-01 17:41:00,32.06,37.84,32.06,32.06,1002,62,4000,2.57,320,0,Haze,haze,50n,2024-10-01 00:44:00,2024-10-01 12:37:00
135,3,2024-10-01 13:20:00,2024-10-01 20:20:00,20.99,20.82,20.99,NaN,1018,64,10000,NaN,10,0,Clear,clear sky,01n,2024-09-30 21:48:00,2024-10-01 09:40:00
136,27,2024-10-01 13:14:00,2024-10-01 14:14:00,18.2,17.62,16.83,19.27,1009,59,10000,4.63,240,20,Clouds,few clouds,02d,2024-10-01 05:50:00,2024-10-01 17:30:00
137,30,2024-10-01 13:20:00,2024-10-01 21:20:00,13.86,13.18,13.86,15.77,1016,72,10000,2.57,280,0,Clear,clear sky,01n,2024-09-30 21:27:00,2024-10-01 09:16:00
138,33,2024-10-01 13:15:00,2024-10-01 13:15:00,13.26,12.94,12.1,14.32,1007,88,10000,5.66,240,75,Rain,light rain,10d,2024-10-01 06:02:00,2024-10-01 17:38:00
139,44,2024-10-01 13:20:00,2024-10-01 08:20:00,17.2,17.14,15.57,NaN,1018,83,10000,7.2,60,75,Clouds,broken clouds,04d,2024-10-01 10:53:00,2024-10-01 22:38:00
140,56,2024-10-01 13:21:00,2024-10-01 20:21:00,26.78,29.26,25.95,27.11,1010,80,10000,1.03,60,75,Clouds,broken clouds,04n,2024-09-30 22:51:00,2024-10-01 10:57:00
141,59,2024-10-01 13:12:00,2024-10-01 14:12:00,26.41,26.41,24.74,28.02,1013,63,10000,4.63,250,20,Clouds,few clouds,02d,2024-10-01 05:48:00,2024-10-01 17:33:00
142,65,2024-10-01 13:21:00,2024-10-01 22:21:00,16.57,16.16,15.72,17.09,1026,72,10000,4.63,110,75,Clouds,broken clouds,04n,2024-09-30 19:32:00,2024-10-01 07:57:00
143,1,2024-10-01 14:13:00,2024-10-01 22:13:00,25.03,25.76,22.56,25.79,1007,83,10000,5.66,180,20,Clouds,few clouds,02n,2024-09-30 20:36:00,2024-10-01 08:26:00
144,2,2024-10-01 14:20:00,2024-10-01 18:50:00,31.06,36.58,31.06,31.06,1002,66,4000,1.54,300,0,Haze,haze,50n,2024-10-01 00:44:00,2024-10-01 12:37:00
145,3,2024-10-01 14:20:00,2024-10-01 21:20:00,20.99,20.82,20.99,NaN,1018,64,10000,NaN,360,0,Clear,clear sky,01n,2024-09-30 21:48:00,2024-10-01 09:40:00
146,27,2024-10-01 14:08:00,2024-10-01 15:08:00,17.92,17.28,16.77,19.28,1009,58,10000,4.12,250,75,Clouds,broken clouds,04d,2024-10-01 05:50:00,2024-10-01 17:30:00
147,30,2024-10-01 14:20:00,2024-10-01 22:20:00,12.86,12.19,12.86,14.77,1016,76,10000,1.03,290,0,Clear,clear sky,01n,2024-09-30 21:27:00,2024-10-01 09:16:00
148,33,2024-10-01 14:16:00,2024-10-01 14:16:00,12.87,12.56,11.88,13.62,1007,90,10000,6.69,260,75,Rain,heavy intensity rain,10d,2024-10-01 06:02:00,2024-10-01 17:38:00
149,44,2024-10-01 14:20:00,2024-10-01 09:20:00,18.06,17.96,16.65,19.11,1018,78,10000,6.69,60,75,Clouds,broken clouds,04d,2024-10-01 10:53:00,2024-10-01 22:38:00
150,56,2024-10-01 14:21:00,2024-10-01 21:21:00,26.37,26.37,25.95,27.11,1010,83,10000,1.03,40,75,Clouds,broken clouds,04n,2024-09-30 22:51:00,2024-10-01 10:57:00
151,59,2024-10-01 14:20:00,2024-10-01 15:20:00,24.77,25.1,23.26,26.68,1013,69,10000,8.75,230,40,Clouds,scattered clouds,03d,2024-10-01 05:48:00,2024-10-01 17:33:00
152,65,2024-10-01 14:20:00,2024-10-01 23:20:00,16.54,16.13,15.72,17.09,1027,72,10000,5.14,120,100,Clouds,overcast clouds,04n,2024-10-01 19:31:00,2024-10-02 07:58:00
153,1,2024-10-01 15:10:00,2024-10-01 23:10:00,24.76,25.56,22.25,25.36,1007,87,10000,6.69,180,75,Clouds,broken clouds,04n,2024-10-01 20:37:00,2024-10-02 08:24:00
154,2,2024-10-01 15:20:00,2024-10-01 19:50:00,30.06,34.24,30.06,30.06,1002,66,4000,NaN,0,0,Haze,haze,50n,2024-10-01 00:44:00,2024-10-01 12:37:00
155,3,2024-10-01 15:20:00,2024-10-01 22:20:00,20.99,20.82,20.99,NaN,1018,64,10000,NaN,360,0,Clear,clear sky,01n,2024-09-30 21:48:00,2024-10-01 09:40:00
156,27,2024-10-01 15:17:00,2024-10-01 16:17:00,17.91,17.24,17.05,18.87,1008,57,10000,3.6,240,75,Clouds,broken clouds,04d,2024-10-01 05:50:00,2024-10-01 17:30:00
157,30,2024-10-01 15:20:00,2024-10-01 23:20:00,10.86,10.27,10.86,11.77,1016,87,10000,0.51,240,0,Clear,clear sky,01n,2024-10-01 21:28:00,2024-10-02 09:14:00
158,33,2024-10-01 15:15:00,2024-10-01 15:15:00,12.45,12.13,11.61,13.23,1006,91,10000,6.69,250,100,Rain,heavy intensity rain,10d,2024-10-01 06:02:00,2024-10-01 17:38:00
159,44,2024-10-01 15:20:00,2024-10-01 10:20:00,18.88,18.76,17.53,20.16,1018,74,10000,6.17,60,75,Clouds,broken clouds,04d,2024-10-01 10:53:00,2024-10-01 22:38:00
160,56,2024-10-01 15:21:00,2024-10-01 22:21:00,26.6,26.6,25.98,NaN,1010,86,10000,0.51,30,75,Clouds,broken clouds,04n,2024-09-30 22:51:00,2024-10-01 10:57:00
161,59,2024-10-01 15:10:00,2024-10-01 16:10:00,24.5,24.81,22.84,26.69,1012,69,10000,10.29,230,40,Clouds,scattered clouds,03d,2024-10-01 05:48:00,2024-10-01 17:33:00
162,65,2024-10-01 15:21:00,2024-10-02 00:21:00,16.52,16.13,15.31,17.06,1027,73,10000,5.66,130,100,Clouds,overcast clouds,04n,2024-10-01 19:31:00,2024-10-02 07:58:00
163,1,2024-10-01 16:20:00,2024-10-02 00:20:00,25.04,25.92,22.08,25.79,1007,89,10000,5.66,190,75,Clouds,broken clouds,04n,2024-10-01 20:37:00,2024-10-02 08:24:00
164,2,2024-10-01 16:10:00,2024-10-01 20:40:00,30.06,34.24,30.06,30.06,1003,66,4000,NaN,0,0,Haze,haze,50n,2024-10-01 00:44:00,2024-10-01 12:37:00
165,3,2024-10-01 16:20:00,2024-10-01 23:20:00,19.99,19.82,19.99,NaN,1018,68,10000,NaN,350,0,Clear,clear sky,01n,2024-10-01 21:48:00,2024-10-02 09:39:00
166,27,2024-10-01 16:12:00,2024-10-01 17:12:00,17.67,17.03,15.99,18.72,1008,59,10000,3.09,260,0,Clear,clear sky,01d,2024-10-01 05:50:00,2024-10-01 17:30:00
167,30,2024-10-01 16:20:00,2024-10-02 00:20:00,10.86,10.27,10.77,10.86,1015,87,10000,0.51,330,0,Clear,clear sky,01n,2024-10-01 21:28:00,2024-10-02 09:14:00
168,33,2024-10-01 16:12:00,2024-10-01 16:12:00,12.56,12.27,11.72,13.52,1005,92,10000,5.66,250,100,Rain,moderate rain,10d,2024-10-01 06:02:00,2024-10-01 17:38:00
169,44,2024-10-01 16:21:00,2024-10-01 11:21:00,19.36,19.21,NaN,20.72,1018,71,10000,6.17,40,100,Clouds,overcast clouds,04d,2024-10-01 10:53:00,2024-10-01 22:38:00
170,56,2024-10-01 16:21:00,2024-10-01 23:21:00,26.6,26.6,25.98,NaN,1010,83,10000,0.51,70,75,Clouds,broken clouds,04n,2024-10-01 22:51:00,2024-10-02 10:57:00
171,59,2024-10-01 16:14:00,2024-10-01 17:14:00,23.86,24.18,22.65,25.58,1012,72,10000,9.77,240,20,Clouds,few clouds,02d,2024-10-01 05:48:00,2024-10-01 17:33:00
172,65,2024-10-01 16:21:00,2024-10-02 01:21:00,16.42,16.08,15.17,16.87,1027,75,10000,4.12,110,100,Clouds,overcast clouds,04n,2024-10-01 19:31:00,2024-10-02 07:58:00
173,1,2024-10-01 17:20:00,2024-10-02 01:20:00,24.7,25.52,21.53,25.79,1007,88,10000,5.66,180,75,Clouds,broken clouds,04n,2024-10-01 20:37:00,2024-10-02 08:24:00
174,2,2024-10-01 17:20:00,2024-10-01 21:50:00,28.06,31.94,28.06,28.06,1003,78,4000,NaN,0,0,Mist,mist,50n,2024-10-01 00:44:00,2024-10-01 12:37:00
175,3,2024-10-01 17:20:00,2024-10-02 00:20:00,19.99,19.82,19.99,NaN,1018,68,10000,NaN,350,0,Clear,clear sky,01n,2024-10-01 21:48:00,2024-10-02 09:39:00
176,27,2024-10-01 17:15:00,2024-10-01 18:15:00,16.2,15.57,14.36,17.41,1008,65,10000,4.12,250,0,Clear,clear sky,01d,2024-10-01 05:50:00,2024-10-01 17:30:00
177,30,2024-10-01 17:20:00,2024-10-02 01:20:00,10.86,10.43,10.77,10.86,1016,93,10000,2.06,350,0,Clear,clear sky,01n,2024-10-01 21:28:00,2024-10-02 09:14:00
178,33,2024-10-01 17:18:00,2024-10-01 17:18:00,13.06,12.82,12.07,13.99,1005,92,10000,4.12,290,100,Clouds,overcast clouds,04d,2024-10-01 06:02:00,2024-10-01 17:38:00
179,44,2024-10-01 17:21:00,2024-10-01 12:21:00,19.43,19.31,18.2,20.99,1017,72,10000,6.17,50,100,Clouds,overcast clouds,04d,2024-10-01 10:53:00,2024-10-01 22:38:00
180,56,2024-10-01 17:21:00,2024-10-02 00:21:00,26.6,26.6,25.98,NaN,1010,88,10000,0.51,20,75,Clouds,broken clouds,04n,2024-10-01 22:51:00,2024-10-02 10:57:00
181,59,2024-10-01 17:21:00,2024-10-01 18:21:00,23.51,23.85,22.1,25.03,1011,74,10000,4.02,230,0,Clear,clear sky,01d,2024-10-01 05:48:00,2024-10-01 17:33:00
182,65,2024-10-01 17:12:00,2024-10-02 02:12:00,16.09,15.71,14.86,16.87,1027,75,10000,4.63,130,100,Clouds,overcast clouds,04n,2024-10-01 19:31:00,2024-10-02 07:58:00
183,1,2024-10-01 19:17:00,2024-10-02 03:17:00,23.61,24.3,20.58,24.8,1008,87,10000,4.12,220,20,Clouds,few clouds,02n,2024-10-01 20:37:00,2024-10-02 08:24:00
184,2,2024-10-01 19:17:00,2024-10-01 23:47:00,28.06,31.94,28.06,28.06,1004,78,4000,NaN,0,0,Mist,mist,50n,2024-10-02 00:45:00,2024-10-02 12:36:00
185,3,2024-10-01 19:17:00,2024-10-02 02:17:00,18.99,18.72,18.99,NaN,1017,68,10000,NaN,340,0,Clear,clear sky,01n,2024-10-01 21:48:00,2024-10-02 09:39:00
186,27,2024-10-01 19:14:00,2024-10-01 20:14:00,13.47,12.78,11.29,14.22,1008,73,10000,2.57,300,0,Clear,clear sky,01n,2024-10-01 05:50:00,2024-10-01 17:30:00
187,30,2024-10-01 19:17:00,2024-10-02 03:17:00,10.86,10.61,9.77,10.86,1016,100,10000,1.03,320,0,Clear,clear sky,01n,2024-10-01 21:28:00,2024-10-02 09:14:00
188,33,2024-10-01 19:09:00,2024-10-01 19:09:00,13.23,13.01,12.19,14.01,1006,92,10000,3.6,310,100,Clouds,overcast clouds,04n,2024-10-01 06:02:00,2024-10-01 17:38:00
189,44,2024-10-01 19:17:00,2024-10-01 14:17:00,19.89,19.87,18.64,21.42,1017,74,10000,7.2,40,40,Clouds,scattered clouds,03d,2024-10-01 10:53:00,2024-10-01 22:38:00
190,56,2024-10-01 19:18:00,2024-10-02 02:18:00,26.6,26.6,25.98,NaN,1009,91,10000,1.03,30,75,Clouds,broken clouds,04n,2024-10-01 22:51:00,2024-10-02 10:57:00
191,59,2024-10-01 19:18:00,2024-10-01 20:18:00,21.96,22.09,20.85,22.76,1012,72,10000,5.66,240,20,Clouds,few clouds,02n,2024-10-01 05:48:00,2024-10-01 17:33:00
192,65,2024-10-01 19:18:00,2024-10-02 04:18:00,15.62,15.38,14.62,16.32,1027,82,10000,1.34,104,100,Clouds,overcast clouds,04n,2024-10-01 19:31:00,2024-10-02 07:58:00
194,1,2024-10-02 07:59:00,2024-10-02 15:59:00,28.61,31.26,27.55,29.95,1010,66,10000,6.69,190,0,Clear,clear sky,01d,2024-10-01 20:37:00,2024-10-02 08:24:00
195,2,2024-10-02 08:00:00,2024-10-02 12:30:00,35.06,40.43,35.06,35.06,1003,49,5000,3.09,290,0,Haze,haze,50d,2024-10-02 00:45:00,2024-10-02 12:36:00
196,3,2024-10-02 08:05:00,2024-10-02 15:05:00,21.99,21.45,21.99,NaN,1019,46,10000,NaN,30,0,Clear,clear sky,01d,2024-10-01 21:48:00,2024-10-02 09:39:00
197,27,2024-10-02 08:03:00,2024-10-02 09:03:00,13.84,13.63,12.76,14.51,1008,90,5000,5.14,270,100,Drizzle,light intensity drizzle rain,09d,2024-10-02 05:52:00,2024-10-02 17:28:00
198,30,2024-10-02 08:05:00,2024-10-02 16:05:00,19.77,18.48,19.77,19.77,1019,26,10000,4.05,337,0,Clear,clear sky,01d,2024-10-01 21:28:00,2024-10-02 09:14:00
199,33,2024-10-02 08:01:00,2024-10-02 08:01:00,13.53,13.29,12.72,14.26,1011,90,10000,3.09,350,75,Clouds,broken clouds,04d,2024-10-02 06:03:00,2024-10-02 17:36:00
200,44,2024-10-02 08:05:00,2024-10-02 03:05:00,15.01,14.76,13.26,16.15,1015,84,10000,4.12,30,0,Clear,clear sky,01n,2024-10-02 10:54:00,2024-10-02 22:36:00
201,56,2024-10-02 07:59:00,2024-10-02 14:59:00,30.49,36.26,29.91,32.79,1007,70,10000,4.12,130,75,Rain,light rain,10d,2024-10-01 22:51:00,2024-10-02 10:57:00
202,59,2024-10-02 08:00:00,2024-10-02 09:00:00,21.3,21.39,20.01,22.75,1010,73,10000,2.06,360,20,Clouds,few clouds,02d,2024-10-02 05:49:00,2024-10-02 17:32:00
203,65,2024-10-02 08:06:00,2024-10-02 17:06:00,16.77,16.38,16.28,17.69,1030,72,10000,5.66,170,75,Clouds,broken clouds,04n,2024-10-01 19:31:00,2024-10-02 07:58:00
204,1,2024-10-02 15:07:00,2024-10-02 23:07:00,25.29,25.99,23.12,26.46,1014,81,10000,2.57,80,75,Rain,light intensity shower rain,09n,2024-10-02 20:38:00,2024-10-03 08:23:00
205,2,2024-10-02 15:16:00,2024-10-02 19:46:00,33.06,36.12,33.06,33.06,1002,49,4000,NaN,0,0,Haze,haze,50n,2024-10-02 00:45:00,2024-10-02 12:36:00
206,3,2024-10-02 15:16:00,2024-10-02 22:16:00,17.99,17.39,17.99,NaN,1022,59,10000,NaN,330,0,Clear,clear sky,01n,2024-10-01 21:48:00,2024-10-02 09:39:00
207,27,2024-10-02 15:13:00,2024-10-02 16:13:00,14.28,13.9,13.73,15.44,1009,82,10000,4.12,20,100,Clouds,overcast clouds,04d,2024-10-02 05:52:00,2024-10-02 17:28:00
208,30,2024-10-02 15:13:00,2024-10-02 23:13:00,10.77,9.05,10.77,10.77,1022,44,10000,1.63,19,0,Clear,clear sky,01n,2024-10-02 21:29:00,2024-10-03 09:13:00
209,33,2024-10-02 15:10:00,2024-10-02 15:10:00,14.88,14.54,13.86,16.17,1014,81,10000,4.63,50,75,Clouds,broken clouds,04d,2024-10-02 06:03:00,2024-10-02 17:36:00
210,44,2024-10-02 15:17:00,2024-10-02 10:17:00,17.78,17.52,16.49,19.11,1016,73,10000,6.69,40,75,Clouds,broken clouds,04d,2024-10-02 10:54:00,2024-10-02 22:36:00
211,56,2024-10-02 15:17:00,2024-10-02 22:17:00,28.18,32.55,27.05,28.95,1011,80,10000,1.03,80,75,Clouds,broken clouds,04n,2024-10-01 22:51:00,2024-10-02 10:57:00
212,59,2024-10-02 15:17:00,2024-10-02 16:17:00,21.33,21.61,19.65,23.47,1007,80,10000,7.2,100,75,Clouds,broken clouds,04d,2024-10-02 05:49:00,2024-10-02 17:32:00
213,65,2024-10-02 15:11:00,2024-10-03 00:11:00,14.11,13.82,12.93,15.13,1030,86,10000,3.48,75,100,Clouds,overcast clouds,04n,2024-10-02 19:29:00,2024-10-03 07:59:00
218,1,2024-10-02 16:20:00,2024-10-03 00:20:00,24.83,25.61,23.19,25.88,1014,86,10000,2.57,20,75,Clouds,broken clouds,04n,2024-10-02 20:38:00,2024-10-03 08:23:00
219,2,2024-10-02 16:20:00,2024-10-02 20:50:00,30.06,34.24,30.06,30.06,1003,66,4000,NaN,0,0,Haze,haze,50n,2024-10-02 00:45:00,2024-10-02 12:36:00
220,3,2024-10-02 16:20:00,2024-10-02 23:20:00,17.99,17.39,17.99,NaN,1021,59,10000,NaN,330,0,Clear,clear sky,01n,2024-10-02 21:49:00,2024-10-03 09:37:00
221,27,2024-10-02 16:15:00,2024-10-02 17:15:00,15.06,14.61,14.27,16.05,1010,76,10000,4.12,10,20,Clouds,few clouds,02d,2024-10-02 05:52:00,2024-10-02 17:28:00
222,30,2024-10-02 16:20:00,2024-10-03 00:20:00,9.86,9.45,9.86,10.77,1022,71,10000,1.54,340,0,Clear,clear sky,01n,2024-10-02 21:29:00,2024-10-03 09:13:00
223,33,2024-10-02 16:18:00,2024-10-02 16:18:00,14.44,14.08,13.39,15.12,1015,82,10000,5.14,40,75,Clouds,broken clouds,04d,2024-10-02 06:03:00,2024-10-02 17:36:00
224,44,2024-10-02 16:21:00,2024-10-02 11:21:00,18.59,18.28,17.44,19.66,1016,68,10000,4.63,50,100,Clouds,overcast clouds,04d,2024-10-02 10:54:00,2024-10-02 22:36:00
225,56,2024-10-02 16:21:00,2024-10-02 23:21:00,28.18,32.55,27.05,28.95,1011,80,10000,1.54,40,75,Clouds,broken clouds,04n,2024-10-02 22:51:00,2024-10-03 10:57:00
226,59,2024-10-02 16:21:00,2024-10-02 17:21:00,19.81,19.94,18.2,22.25,1006,80,10000,5.14,80,75,Rain,light rain,10d,2024-10-02 05:49:00,2024-10-02 17:32:00
227,65,2024-10-02 16:15:00,2024-10-03 01:15:00,13.84,13.55,13.03,14.63,1030,87,10000,2.57,250,100,Clouds,overcast clouds,04n,2024-10-02 19:29:00,2024-10-03 07:59:00
228,1,2025-04-27 16:19:00,2025-04-28 00:19:00,18.6,17.95,16.81,19.24,1011,55,10000,3.09,250,0,Clear,clear sky,01n,2025-04-27 19:53:00,2025-04-28 09:24:00
229,2,2025-04-27 16:19:00,2025-04-27 20:49:00,33.06,30.87,33.06,33.06,1005,18,4500,3.09,130,2,Haze,haze,50n,2025-04-27 00:14:00,2025-04-27 13:23:00
230,3,2025-04-27 16:19:00,2025-04-27 23:19:00,18.99,18.72,18.99,18.99,1012,68,10000,NaN,250,0,Clear,clear sky,01n,2025-04-27 21:13:00,2025-04-28 10:31:00
231,27,2025-04-27 16:16:00,2025-04-27 17:16:00,20.63,19.9,19.65,21.32,1023,44,10000,4.63,70,0,Clear,clear sky,01d,2025-04-27 04:37:00,2025-04-27 18:59:00
232,30,2025-04-27 16:20:00,2025-04-28 00:20:00,9.86,9.86,9.86,9.86,1013,76,10000,0.51,160,0,Clear,clear sky,01n,2025-04-27 20:40:00,2025-04-28 10:18:00
233,33,2025-04-27 16:11:00,2025-04-27 16:11:00,20.4,19.7,19.76,21.08,1025,46,10000,2.06,180,37,Clouds,scattered clouds,03d,2025-04-27 04:40:00,2025-04-27 19:16:00
234,44,2025-04-27 16:20:00,2025-04-27 11:20:00,12.84,11.46,11.6,13.94,1013,49,10000,12.52,302,75,Clouds,broken clouds,04d,2025-04-27 09:59:00,2025-04-27 23:47:00
235,56,2025-04-27 16:20:00,2025-04-27 23:20:00,28.48,33.9,27.95,29.43,1010,83,10000,1.03,10,75,Clouds,broken clouds,04n,2025-04-27 22:57:00,2025-04-28 11:07:00
236,59,2025-04-27 16:11:00,2025-04-27 17:11:00,16.65,16.17,15.42,18.08,1022,69,8000,3.13,311,75,Rain,light rain,10d,2025-04-27 04:54:00,2025-04-27 18:44:00
237,65,2025-04-27 16:13:00,2025-04-28 01:13:00,18.41,18.5,16.36,19.28,1011,84,10000,0.89,357,100,Rain,light rain,10n,2025-04-27 20:27:00,2025-04-28 07:18:00
240,1,2025-04-27 16:25:00,2025-04-28 00:25:00,18.6,17.95,16.81,19.24,1011,55,10000,3.09,250,0,Clear,clear sky,01n,2025-04-27 19:53:00,2025-04-28 09:24:00
241,2,2025-04-27 16:26:00,2025-04-27 20:56:00,33.06,30.87,33.06,33.06,1005,18,4500,3.09,130,2,Haze,haze,50n,2025-04-27 00:14:00,2025-04-27 13:23:00
242,3,2025-04-27 16:26:00,2025-04-27 23:26:00,18.99,18.72,18.99,18.99,1012,68,10000,NaN,250,0,Clear,clear sky,01n,2025-04-27 21:13:00,2025-04-28 10:31:00
243,27,2025-04-27 16:19:00,2025-04-27 17:19:00,20.65,19.92,19.88,21.32,1023,44,10000,4.63,70,0,Clear,clear sky,01d,2025-04-27 04:37:00,2025-04-27 18:59:00
244,30,2025-04-27 16:24:00,2025-04-28 00:24:00,9.86,9.86,9.86,9.86,1013,76,10000,0.51,160,0,Clear,clear sky,01n,2025-04-27 20:40:00,2025-04-28 10:18:00
245,33,2025-04-27 16:18:00,2025-04-27 16:18:00,20.47,19.75,19.46,21.14,1025,45,10000,2.06,180,37,Clouds,scattered clouds,03d,2025-04-27 04:40:00,2025-04-27 19:16:00
246,44,2025-04-27 16:26:00,2025-04-27 11:26:00,13.19,11.82,12.71,13.94,1013,48,10000,12.96,318,75,Clouds,broken clouds,04d,2025-04-27 09:59:00,2025-04-27 23:47:00
247,56,2025-04-27 16:22:00,2025-04-27 23:22:00,28.48,33.9,27.95,29.43,1010,83,10000,1.03,10,75,Clouds,broken clouds,04n,2025-04-27 22:57:00,2025-04-28 11:07:00
248,59,2025-04-27 16:26:00,2025-04-27 17:26:00,16.86,16.3,15.6,18.09,1022,65,8000,2.68,341,75,Rain,light rain,10d,2025-04-27 04:54:00,2025-04-27 18:44:00
249,65,2025-04-27 16:26:00,2025-04-28 01:26:00,18.23,18.33,16.36,19.28,1011,85,10000,0.45,353,100,Clouds,overcast clouds,04n,2025-04-27 20:27:00,2025-04-28 07:18:00
